MSBuild version 17.8.49+7806cbf7b for .NET
  Determining projects to restore...
  All projects are up-to-date for restore.
/app/src/AmusementRideCRM/Models/CustomerRide.cs(9,18): warning CS8632: The annotation for nullable reference types should only be used in code within a '#nullable' annotations context. [/app/src/AmusementRideCRM/AmusementRideCRM.csproj]
/app/src/AmusementRideCRM/Models/PartMergeHistory.cs(10,18): warning CS8632: The annotation for nullable reference types should only be used in code within a '#nullable' annotations context. [/app/src/AmusementRideCRM/AmusementRideCRM.csproj]
/app/src/AmusementRideCRM/Models/PartMergeHistory.cs(11,18): warning CS8632: The annotation for nullable reference types should only be used in code within a '#nullable' annotations context. [/app/src/AmusementRideCRM/AmusementRideCRM.csproj]
/app/src/AmusementRideCRM/Models/PartMergeHistory.cs(12,18): warning CS8632: The annotation for nullable reference types should only be used in code within a '#nullable' annotations context. [/app/src/AmusementRideCRM/AmusementRideCRM.csproj]
/app/src/AmusementRideCRM/Models/CustomerRide.cs(11,18): warning CS8632: The annotation for nullable reference types should only be used in code within a '#nullable' annotations context. [/app/src/AmusementRideCRM/AmusementRideCRM.csproj]
/app/src/AmusementRideCRM/Models/CustomerRide.cs(14,18): warning CS8632: The annotation for nullable reference types should only be used in code within a '#nullable' annotations context. [/app/src/AmusementRideCRM/AmusementRideCRM.csproj]
/app/src/AmusementRideCRM/Models/CustomerRide.cs(16,18): warning CS8632: The annotation for nullable reference types should only be used in code within a '#nullable' annotations context. [/app/src/AmusementRideCRM/AmusementRideCRM.csproj]
/app/src/AmusementRideCRM/Models/PartRideApplication.cs(9,18): warning CS8632: The annotation for nullable reference types should only be used in code within a '#nullable' annotations context. [/app/src/AmusementRideCRM/AmusementRideCRM.csproj]
/app/src/AmusementRideCRM/Models/PartRideApplication.cs(11,18): warning CS8632: The annotation for nullable reference types should only be used in code within a '#nullable' annotations context. [/app/src/AmusementRideCRM/AmusementRideCRM.csproj]
/app/src/AmusementRideCRM/Models/ErrorLogging.cs(8,18): warning CS8632: The annotation for nullable reference types should only be used in code within a '#nullable' annotations context. [/app/src/AmusementRideCRM/AmusementRideCRM.csproj]
/app/src/AmusementRideCRM/Models/ErrorLogging.cs(9,18): warning CS8632: The annotation for nullable reference types should only be used in code within a '#nullable' annotations context. [/app/src/AmusementRideCRM/AmusementRideCRM.csproj]
/app/src/AmusementRideCRM/Models/ErrorLogging.cs(10,18): warning CS8632: The annotation for nullable reference types should only be used in code within a '#nullable' annotations context. [/app/src/AmusementRideCRM/AmusementRideCRM.csproj]
/app/src/AmusementRideCRM/Models/ErrorLogging.cs(11,18): warning CS8632: The annotation for nullable reference types should only be used in code within a '#nullable' annotations context. [/app/src/AmusementRideCRM/AmusementRideCRM.csproj]
/app/src/AmusementRideCRM/Models/ErrorLogging.cs(12,18): warning CS8632: The annotation for nullable reference types should only be used in code within a '#nullable' annotations context. [/app/src/AmusementRideCRM/AmusementRideCRM.csproj]
/app/src/AmusementRideCRM/Models/ErrorLogging.cs(13,18): warning CS8632: The annotation for nullable reference types should only be used in code within a '#nullable' annotations context. [/app/src/AmusementRideCRM/AmusementRideCRM.csproj]
/app/src/AmusementRideCRM/Models/ErrorLogging.cs(16,18): warning CS8632: The annotation for nullable reference types should only be used in code within a '#nullable' annotations context. [/app/src/AmusementRideCRM/AmusementRideCRM.csproj]
/app/src/AmusementRideCRM/Models/ErrorLogging.cs(17,18): warning CS8632: The annotation for nullable reference types should only be used in code within a '#nullable' annotations context. [/app/src/AmusementRideCRM/AmusementRideCRM.csproj]
/app/src/AmusementRideCRM/Models/ErrorLogging.cs(18,18): warning CS8632: The annotation for nullable reference types should only be used in code within a '#nullable' annotations context. [/app/src/AmusementRideCRM/AmusementRideCRM.csproj]
/app/src/AmusementRideCRM/Models/PurchaseOrder.cs(12,18): warning CS8632: The annotation for nullable reference types should only be used in code within a '#nullable' annotations context. [/app/src/AmusementRideCRM/AmusementRideCRM.csproj]
/app/src/AmusementRideCRM/Models/PurchaseOrder.cs(16,18): warning CS8632: The annotation for nullable reference types should only be used in code within a '#nullable' annotations context. [/app/src/AmusementRideCRM/AmusementRideCRM.csproj]
/app/src/AmusementRideCRM/Models/PurchaseOrder.cs(17,18): warning CS8632: The annotation for nullable reference types should only be used in code within a '#nullable' annotations context. [/app/src/AmusementRideCRM/AmusementRideCRM.csproj]
/app/src/AmusementRideCRM/Models/PurchaseOrder.cs(18,18): warning CS8632: The annotation for nullable reference types should only be used in code within a '#nullable' annotations context. [/app/src/AmusementRideCRM/AmusementRideCRM.csproj]
/app/src/AmusementRideCRM/Models/PurchaseOrder.cs(19,18): warning CS8632: The annotation for nullable reference types should only be used in code within a '#nullable' annotations context. [/app/src/AmusementRideCRM/AmusementRideCRM.csproj]
/app/src/AmusementRideCRM/Models/PurchaseOrder.cs(21,18): warning CS8632: The annotation for nullable reference types should only be used in code within a '#nullable' annotations context. [/app/src/AmusementRideCRM/AmusementRideCRM.csproj]
/app/src/AmusementRideCRM/Models/AuditLog.cs(8,18): warning CS8632: The annotation for nullable reference types should only be used in code within a '#nullable' annotations context. [/app/src/AmusementRideCRM/AmusementRideCRM.csproj]
/app/src/AmusementRideCRM/Models/AuditLog.cs(12,18): warning CS8632: The annotation for nullable reference types should only be used in code within a '#nullable' annotations context. [/app/src/AmusementRideCRM/AmusementRideCRM.csproj]
/app/src/AmusementRideCRM/Models/PurchaseOrder.cs(23,18): warning CS8632: The annotation for nullable reference types should only be used in code within a '#nullable' annotations context. [/app/src/AmusementRideCRM/AmusementRideCRM.csproj]
/app/src/AmusementRideCRM/Models/AuditLog.cs(13,18): warning CS8632: The annotation for nullable reference types should only be used in code within a '#nullable' annotations context. [/app/src/AmusementRideCRM/AmusementRideCRM.csproj]
/app/src/AmusementRideCRM/Models/AuditLog.cs(14,18): warning CS8632: The annotation for nullable reference types should only be used in code within a '#nullable' annotations context. [/app/src/AmusementRideCRM/AmusementRideCRM.csproj]
/app/src/AmusementRideCRM/Models/FileAttachment.cs(9,18): warning CS8632: The annotation for nullable reference types should only be used in code within a '#nullable' annotations context. [/app/src/AmusementRideCRM/AmusementRideCRM.csproj]
/app/src/AmusementRideCRM/Models/AuditLog.cs(15,18): warning CS8632: The annotation for nullable reference types should only be used in code within a '#nullable' annotations context. [/app/src/AmusementRideCRM/AmusementRideCRM.csproj]
/app/src/AmusementRideCRM/Models/AuditLog.cs(16,18): warning CS8632: The annotation for nullable reference types should only be used in code within a '#nullable' annotations context. [/app/src/AmusementRideCRM/AmusementRideCRM.csproj]
/app/src/AmusementRideCRM/Models/FileAttachment.cs(10,18): warning CS8632: The annotation for nullable reference types should only be used in code within a '#nullable' annotations context. [/app/src/AmusementRideCRM/AmusementRideCRM.csproj]
/app/src/AmusementRideCRM/Models/FileAttachment.cs(11,18): warning CS8632: The annotation for nullable reference types should only be used in code within a '#nullable' annotations context. [/app/src/AmusementRideCRM/AmusementRideCRM.csproj]
/app/src/AmusementRideCRM/Models/FileAttachment.cs(13,18): warning CS8632: The annotation for nullable reference types should only be used in code within a '#nullable' annotations context. [/app/src/AmusementRideCRM/AmusementRideCRM.csproj]
/app/src/AmusementRideCRM/Models/AuditLog.cs(17,18): warning CS8632: The annotation for nullable reference types should only be used in code within a '#nullable' annotations context. [/app/src/AmusementRideCRM/AmusementRideCRM.csproj]
/app/src/AmusementRideCRM/Models/FileAttachment.cs(15,18): warning CS8632: The annotation for nullable reference types should only be used in code within a '#nullable' annotations context. [/app/src/AmusementRideCRM/AmusementRideCRM.csproj]
/app/src/AmusementRideCRM/Models/AuditLog.cs(18,18): warning CS8632: The annotation for nullable reference types should only be used in code within a '#nullable' annotations context. [/app/src/AmusementRideCRM/AmusementRideCRM.csproj]
/app/src/AmusementRideCRM/Models/HoldingLocation.cs(8,18): warning CS8632: The annotation for nullable reference types should only be used in code within a '#nullable' annotations context. [/app/src/AmusementRideCRM/AmusementRideCRM.csproj]
/app/src/AmusementRideCRM/Models/HoldingLocation.cs(11,18): warning CS8632: The annotation for nullable reference types should only be used in code within a '#nullable' annotations context. [/app/src/AmusementRideCRM/AmusementRideCRM.csproj]
/app/src/AmusementRideCRM/Models/HoldingLocation.cs(13,18): warning CS8632: The annotation for nullable reference types should only be used in code within a '#nullable' annotations context. [/app/src/AmusementRideCRM/AmusementRideCRM.csproj]
/app/src/AmusementRideCRM/Models/PurchaseOrderLine.cs(9,18): warning CS8632: The annotation for nullable reference types should only be used in code within a '#nullable' annotations context. [/app/src/AmusementRideCRM/AmusementRideCRM.csproj]
/app/src/AmusementRideCRM/Models/PurchaseOrderLine.cs(10,18): warning CS8632: The annotation for nullable reference types should only be used in code within a '#nullable' annotations context. [/app/src/AmusementRideCRM/AmusementRideCRM.csproj]
/app/src/AmusementRideCRM/Models/PurchaseOrderLine.cs(13,18): warning CS8632: The annotation for nullable reference types should only be used in code within a '#nullable' annotations context. [/app/src/AmusementRideCRM/AmusementRideCRM.csproj]
/app/src/AmusementRideCRM/Models/PurchaseOrderLine.cs(15,18): warning CS8632: The annotation for nullable reference types should only be used in code within a '#nullable' annotations context. [/app/src/AmusementRideCRM/AmusementRideCRM.csproj]
/app/src/AmusementRideCRM/Models/PurchaseOrderLine.cs(16,18): warning CS8632: The annotation for nullable reference types should only be used in code within a '#nullable' annotations context. [/app/src/AmusementRideCRM/AmusementRideCRM.csproj]
/app/src/AmusementRideCRM/Models/PurchaseOrderLine.cs(17,18): warning CS8632: The annotation for nullable reference types should only be used in code within a '#nullable' annotations context. [/app/src/AmusementRideCRM/AmusementRideCRM.csproj]
/app/src/AmusementRideCRM/Models/PurchaseOrderLine.cs(18,18): warning CS8632: The annotation for nullable reference types should only be used in code within a '#nullable' annotations context. [/app/src/AmusementRideCRM/AmusementRideCRM.csproj]
/app/src/AmusementRideCRM/Models/PurchaseOrderLine.cs(19,18): warning CS8632: The annotation for nullable reference types should only be used in code within a '#nullable' annotations context. [/app/src/AmusementRideCRM/AmusementRideCRM.csproj]
/app/src/AmusementRideCRM/Models/Customer.cs(7,18): warning CS8632: The annotation for nullable reference types should only be used in code within a '#nullable' annotations context. [/app/src/AmusementRideCRM/AmusementRideCRM.csproj]
/app/src/AmusementRideCRM/Models/PurchaseOrderLine.cs(22,18): warning CS8632: The annotation for nullable reference types should only be used in code within a '#nullable' annotations context. [/app/src/AmusementRideCRM/AmusementRideCRM.csproj]
/app/src/AmusementRideCRM/Models/Customer.cs(8,18): warning CS8632: The annotation for nullable reference types should only be used in code within a '#nullable' annotations context. [/app/src/AmusementRideCRM/AmusementRideCRM.csproj]
/app/src/AmusementRideCRM/Models/Customer.cs(9,18): warning CS8632: The annotation for nullable reference types should only be used in code within a '#nullable' annotations context. [/app/src/AmusementRideCRM/AmusementRideCRM.csproj]
/app/src/AmusementRideCRM/Models/Customer.cs(10,18): warning CS8632: The annotation for nullable reference types should only be used in code within a '#nullable' annotations context. [/app/src/AmusementRideCRM/AmusementRideCRM.csproj]
/app/src/AmusementRideCRM/Models/Customer.cs(11,18): warning CS8632: The annotation for nullable reference types should only be used in code within a '#nullable' annotations context. [/app/src/AmusementRideCRM/AmusementRideCRM.csproj]
/app/src/AmusementRideCRM/Models/Customer.cs(12,18): warning CS8632: The annotation for nullable reference types should only be used in code within a '#nullable' annotations context. [/app/src/AmusementRideCRM/AmusementRideCRM.csproj]
/app/src/AmusementRideCRM/Models/Customer.cs(13,18): warning CS8632: The annotation for nullable reference types should only be used in code within a '#nullable' annotations context. [/app/src/AmusementRideCRM/AmusementRideCRM.csproj]
/app/src/AmusementRideCRM/Models/Customer.cs(14,18): warning CS8632: The annotation for nullable reference types should only be used in code within a '#nullable' annotations context. [/app/src/AmusementRideCRM/AmusementRideCRM.csproj]
/app/src/AmusementRideCRM/Models/Customer.cs(15,18): warning CS8632: The annotation for nullable reference types should only be used in code within a '#nullable' annotations context. [/app/src/AmusementRideCRM/AmusementRideCRM.csproj]
/app/src/AmusementRideCRM/Models/Customer.cs(16,18): warning CS8632: The annotation for nullable reference types should only be used in code within a '#nullable' annotations context. [/app/src/AmusementRideCRM/AmusementRideCRM.csproj]
/app/src/AmusementRideCRM/Models/Customer.cs(17,18): warning CS8632: The annotation for nullable reference types should only be used in code within a '#nullable' annotations context. [/app/src/AmusementRideCRM/AmusementRideCRM.csproj]
/app/src/AmusementRideCRM/Models/Customer.cs(18,18): warning CS8632: The annotation for nullable reference types should only be used in code within a '#nullable' annotations context. [/app/src/AmusementRideCRM/AmusementRideCRM.csproj]
/app/src/AmusementRideCRM/Models/Customer.cs(19,18): warning CS8632: The annotation for nullable reference types should only be used in code within a '#nullable' annotations context. [/app/src/AmusementRideCRM/AmusementRideCRM.csproj]
/app/src/AmusementRideCRM/Models/InventoryReservation.cs(13,18): warning CS8632: The annotation for nullable reference types should only be used in code within a '#nullable' annotations context. [/app/src/AmusementRideCRM/AmusementRideCRM.csproj]
/app/src/AmusementRideCRM/Models/Customer.cs(20,18): warning CS8632: The annotation for nullable reference types should only be used in code within a '#nullable' annotations context. [/app/src/AmusementRideCRM/AmusementRideCRM.csproj]
/app/src/AmusementRideCRM/Models/Customer.cs(21,18): warning CS8632: The annotation for nullable reference types should only be used in code within a '#nullable' annotations context. [/app/src/AmusementRideCRM/AmusementRideCRM.csproj]
/app/src/AmusementRideCRM/Models/Customer.cs(22,18): warning CS8632: The annotation for nullable reference types should only be used in code within a '#nullable' annotations context. [/app/src/AmusementRideCRM/AmusementRideCRM.csproj]
/app/src/AmusementRideCRM/Models/Customer.cs(23,18): warning CS8632: The annotation for nullable reference types should only be used in code within a '#nullable' annotations context. [/app/src/AmusementRideCRM/AmusementRideCRM.csproj]
/app/src/AmusementRideCRM/Models/Customer.cs(24,18): warning CS8632: The annotation for nullable reference types should only be used in code within a '#nullable' annotations context. [/app/src/AmusementRideCRM/AmusementRideCRM.csproj]
/app/src/AmusementRideCRM/Models/Customer.cs(27,18): warning CS8632: The annotation for nullable reference types should only be used in code within a '#nullable' annotations context. [/app/src/AmusementRideCRM/AmusementRideCRM.csproj]
/app/src/AmusementRideCRM/Models/Customer.cs(28,18): warning CS8632: The annotation for nullable reference types should only be used in code within a '#nullable' annotations context. [/app/src/AmusementRideCRM/AmusementRideCRM.csproj]
/app/src/AmusementRideCRM/Models/Customer.cs(29,18): warning CS8632: The annotation for nullable reference types should only be used in code within a '#nullable' annotations context. [/app/src/AmusementRideCRM/AmusementRideCRM.csproj]
/app/src/AmusementRideCRM/Models/Customer.cs(30,18): warning CS8632: The annotation for nullable reference types should only be used in code within a '#nullable' annotations context. [/app/src/AmusementRideCRM/AmusementRideCRM.csproj]
/app/src/AmusementRideCRM/Models/Customer.cs(34,18): warning CS8632: The annotation for nullable reference types should only be used in code within a '#nullable' annotations context. [/app/src/AmusementRideCRM/AmusementRideCRM.csproj]
/app/src/AmusementRideCRM/Models/Customer.cs(36,18): warning CS8632: The annotation for nullable reference types should only be used in code within a '#nullable' annotations context. [/app/src/AmusementRideCRM/AmusementRideCRM.csproj]
/app/src/AmusementRideCRM/Models/InventoryReservation.cs(14,18): warning CS8632: The annotation for nullable reference types should only be used in code within a '#nullable' annotations context. [/app/src/AmusementRideCRM/AmusementRideCRM.csproj]
/app/src/AmusementRideCRM/Models/CustomerContact.cs(8,18): warning CS8632: The annotation for nullable reference types should only be used in code within a '#nullable' annotations context. [/app/src/AmusementRideCRM/AmusementRideCRM.csproj]
/app/src/AmusementRideCRM/Models/CustomerContact.cs(9,18): warning CS8632: The annotation for nullable reference types should only be used in code within a '#nullable' annotations context. [/app/src/AmusementRideCRM/AmusementRideCRM.csproj]
/app/src/AmusementRideCRM/Models/CustomerContact.cs(10,18): warning CS8632: The annotation for nullable reference types should only be used in code within a '#nullable' annotations context. [/app/src/AmusementRideCRM/AmusementRideCRM.csproj]
/app/src/AmusementRideCRM/Models/CustomerContact.cs(11,18): warning CS8632: The annotation for nullable reference types should only be used in code within a '#nullable' annotations context. [/app/src/AmusementRideCRM/AmusementRideCRM.csproj]
/app/src/AmusementRideCRM/Models/CustomerContact.cs(12,18): warning CS8632: The annotation for nullable reference types should only be used in code within a '#nullable' annotations context. [/app/src/AmusementRideCRM/AmusementRideCRM.csproj]
/app/src/AmusementRideCRM/Models/CustomerContact.cs(13,18): warning CS8632: The annotation for nullable reference types should only be used in code within a '#nullable' annotations context. [/app/src/AmusementRideCRM/AmusementRideCRM.csproj]
/app/src/AmusementRideCRM/Models/CustomerContact.cs(16,18): warning CS8632: The annotation for nullable reference types should only be used in code within a '#nullable' annotations context. [/app/src/AmusementRideCRM/AmusementRideCRM.csproj]
/app/src/AmusementRideCRM/Models/CustomerContact.cs(18,18): warning CS8632: The annotation for nullable reference types should only be used in code within a '#nullable' annotations context. [/app/src/AmusementRideCRM/AmusementRideCRM.csproj]
/app/src/AmusementRideCRM/Models/CustomerContact.cs(20,18): warning CS8632: The annotation for nullable reference types should only be used in code within a '#nullable' annotations context. [/app/src/AmusementRideCRM/AmusementRideCRM.csproj]
/app/src/AmusementRideCRM/Models/NotificationQueue.cs(7,18): warning CS8632: The annotation for nullable reference types should only be used in code within a '#nullable' annotations context. [/app/src/AmusementRideCRM/AmusementRideCRM.csproj]
/app/src/AmusementRideCRM/Models/NotificationQueue.cs(11,18): warning CS8632: The annotation for nullable reference types should only be used in code within a '#nullable' annotations context. [/app/src/AmusementRideCRM/AmusementRideCRM.csproj]
/app/src/AmusementRideCRM/Models/NotificationQueue.cs(13,18): warning CS8632: The annotation for nullable reference types should only be used in code within a '#nullable' annotations context. [/app/src/AmusementRideCRM/AmusementRideCRM.csproj]
/app/src/AmusementRideCRM/Models/NumberSequence.cs(10,18): warning CS8632: The annotation for nullable reference types should only be used in code within a '#nullable' annotations context. [/app/src/AmusementRideCRM/AmusementRideCRM.csproj]
/app/src/AmusementRideCRM/Models/CustomerInvoice.cs(12,18): warning CS8632: The annotation for nullable reference types should only be used in code within a '#nullable' annotations context. [/app/src/AmusementRideCRM/AmusementRideCRM.csproj]
/app/src/AmusementRideCRM/Models/CustomerInvoice.cs(20,18): warning CS8632: The annotation for nullable reference types should only be used in code within a '#nullable' annotations context. [/app/src/AmusementRideCRM/AmusementRideCRM.csproj]
/app/src/AmusementRideCRM/Models/CustomerInvoice.cs(22,18): warning CS8632: The annotation for nullable reference types should only be used in code within a '#nullable' annotations context. [/app/src/AmusementRideCRM/AmusementRideCRM.csproj]
/app/src/AmusementRideCRM/Models/CustomerInvoice.cs(23,18): warning CS8632: The annotation for nullable reference types should only be used in code within a '#nullable' annotations context. [/app/src/AmusementRideCRM/AmusementRideCRM.csproj]
/app/src/AmusementRideCRM/Models/CustomerInvoice.cs(24,18): warning CS8632: The annotation for nullable reference types should only be used in code within a '#nullable' annotations context. [/app/src/AmusementRideCRM/AmusementRideCRM.csproj]
/app/src/AmusementRideCRM/Models/CustomerInvoice.cs(25,18): warning CS8632: The annotation for nullable reference types should only be used in code within a '#nullable' annotations context. [/app/src/AmusementRideCRM/AmusementRideCRM.csproj]
/app/src/AmusementRideCRM/Models/CustomerInvoice.cs(26,18): warning CS8632: The annotation for nullable reference types should only be used in code within a '#nullable' annotations context. [/app/src/AmusementRideCRM/AmusementRideCRM.csproj]
/app/src/AmusementRideCRM/Models/CustomerInvoice.cs(27,18): warning CS8632: The annotation for nullable reference types should only be used in code within a '#nullable' annotations context. [/app/src/AmusementRideCRM/AmusementRideCRM.csproj]
/app/src/AmusementRideCRM/Models/CustomerInvoice.cs(28,18): warning CS8632: The annotation for nullable reference types should only be used in code within a '#nullable' annotations context. [/app/src/AmusementRideCRM/AmusementRideCRM.csproj]
/app/src/AmusementRideCRM/Models/Part.cs(8,18): warning CS8632: The annotation for nullable reference types should only be used in code within a '#nullable' annotations context. [/app/src/AmusementRideCRM/AmusementRideCRM.csproj]
/app/src/AmusementRideCRM/Models/Part.cs(9,18): warning CS8632: The annotation for nullable reference types should only be used in code within a '#nullable' annotations context. [/app/src/AmusementRideCRM/AmusementRideCRM.csproj]
/app/src/AmusementRideCRM/Models/CustomerInvoice.cs(29,18): warning CS8632: The annotation for nullable reference types should only be used in code within a '#nullable' annotations context. [/app/src/AmusementRideCRM/AmusementRideCRM.csproj]
/app/src/AmusementRideCRM/Models/CustomerInvoice.cs(30,18): warning CS8632: The annotation for nullable reference types should only be used in code within a '#nullable' annotations context. [/app/src/AmusementRideCRM/AmusementRideCRM.csproj]
/app/src/AmusementRideCRM/Models/CustomerInvoice.cs(31,18): warning CS8632: The annotation for nullable reference types should only be used in code within a '#nullable' annotations context. [/app/src/AmusementRideCRM/AmusementRideCRM.csproj]
/app/src/AmusementRideCRM/Models/Part.cs(13,18): warning CS8632: The annotation for nullable reference types should only be used in code within a '#nullable' annotations context. [/app/src/AmusementRideCRM/AmusementRideCRM.csproj]
/app/src/AmusementRideCRM/Models/CustomerInvoice.cs(32,18): warning CS8632: The annotation for nullable reference types should only be used in code within a '#nullable' annotations context. [/app/src/AmusementRideCRM/AmusementRideCRM.csproj]
/app/src/AmusementRideCRM/Models/CustomerInvoice.cs(34,18): warning CS8632: The annotation for nullable reference types should only be used in code within a '#nullable' annotations context. [/app/src/AmusementRideCRM/AmusementRideCRM.csproj]
/app/src/AmusementRideCRM/Models/CustomerInvoice.cs(36,18): warning CS8632: The annotation for nullable reference types should only be used in code within a '#nullable' annotations context. [/app/src/AmusementRideCRM/AmusementRideCRM.csproj]
/app/src/AmusementRideCRM/Models/Part.cs(21,18): warning CS8632: The annotation for nullable reference types should only be used in code within a '#nullable' annotations context. [/app/src/AmusementRideCRM/AmusementRideCRM.csproj]
/app/src/AmusementRideCRM/Models/Part.cs(25,18): warning CS8632: The annotation for nullable reference types should only be used in code within a '#nullable' annotations context. [/app/src/AmusementRideCRM/AmusementRideCRM.csproj]
/app/src/AmusementRideCRM/Models/Part.cs(26,18): warning CS8632: The annotation for nullable reference types should only be used in code within a '#nullable' annotations context. [/app/src/AmusementRideCRM/AmusementRideCRM.csproj]
/app/src/AmusementRideCRM/Models/Part.cs(29,18): warning CS8632: The annotation for nullable reference types should only be used in code within a '#nullable' annotations context. [/app/src/AmusementRideCRM/AmusementRideCRM.csproj]
/app/src/AmusementRideCRM/Models/Part.cs(31,18): warning CS8632: The annotation for nullable reference types should only be used in code within a '#nullable' annotations context. [/app/src/AmusementRideCRM/AmusementRideCRM.csproj]
/app/src/AmusementRideCRM/Models/PurchasingQueueItem.cs(13,18): warning CS8632: The annotation for nullable reference types should only be used in code within a '#nullable' annotations context. [/app/src/AmusementRideCRM/AmusementRideCRM.csproj]
/app/src/AmusementRideCRM/Models/PurchasingQueueItem.cs(14,18): warning CS8632: The annotation for nullable reference types should only be used in code within a '#nullable' annotations context. [/app/src/AmusementRideCRM/AmusementRideCRM.csproj]
/app/src/AmusementRideCRM/Models/PurchasingQueueItem.cs(15,18): warning CS8632: The annotation for nullable reference types should only be used in code within a '#nullable' annotations context. [/app/src/AmusementRideCRM/AmusementRideCRM.csproj]
/app/src/AmusementRideCRM/Models/PurchasingQueueItem.cs(18,18): warning CS8632: The annotation for nullable reference types should only be used in code within a '#nullable' annotations context. [/app/src/AmusementRideCRM/AmusementRideCRM.csproj]
/app/src/AmusementRideCRM/Models/CustomerInvoiceLine.cs(14,18): warning CS8632: The annotation for nullable reference types should only be used in code within a '#nullable' annotations context. [/app/src/AmusementRideCRM/AmusementRideCRM.csproj]
/app/src/AmusementRideCRM/Models/PurchasingQueueItem.cs(20,18): warning CS8632: The annotation for nullable reference types should only be used in code within a '#nullable' annotations context. [/app/src/AmusementRideCRM/AmusementRideCRM.csproj]
/app/src/AmusementRideCRM/Models/CustomerInvoiceLine.cs(15,18): warning CS8632: The annotation for nullable reference types should only be used in code within a '#nullable' annotations context. [/app/src/AmusementRideCRM/AmusementRideCRM.csproj]
/app/src/AmusementRideCRM/Models/PurchasingQueueItem.cs(22,18): warning CS8632: The annotation for nullable reference types should only be used in code within a '#nullable' annotations context. [/app/src/AmusementRideCRM/AmusementRideCRM.csproj]
/app/src/AmusementRideCRM/Models/QBSyncQueue.cs(11,18): warning CS8632: The annotation for nullable reference types should only be used in code within a '#nullable' annotations context. [/app/src/AmusementRideCRM/AmusementRideCRM.csproj]
/app/src/AmusementRideCRM/Models/QBSyncQueue.cs(12,18): warning CS8632: The annotation for nullable reference types should only be used in code within a '#nullable' annotations context. [/app/src/AmusementRideCRM/AmusementRideCRM.csproj]
/app/src/AmusementRideCRM/Models/QBSyncQueue.cs(13,18): warning CS8632: The annotation for nullable reference types should only be used in code within a '#nullable' annotations context. [/app/src/AmusementRideCRM/AmusementRideCRM.csproj]
/app/src/AmusementRideCRM/Models/QBSyncQueue.cs(14,18): warning CS8632: The annotation for nullable reference types should only be used in code within a '#nullable' annotations context. [/app/src/AmusementRideCRM/AmusementRideCRM.csproj]
/app/src/AmusementRideCRM/Models/QBSyncQueue.cs(17,18): warning CS8632: The annotation for nullable reference types should only be used in code within a '#nullable' annotations context. [/app/src/AmusementRideCRM/AmusementRideCRM.csproj]
/app/src/AmusementRideCRM/Models/CustomerOrder.cs(10,18): warning CS8632: The annotation for nullable reference types should only be used in code within a '#nullable' annotations context. [/app/src/AmusementRideCRM/AmusementRideCRM.csproj]
/app/src/AmusementRideCRM/Models/CustomerOrder.cs(11,18): warning CS8632: The annotation for nullable reference types should only be used in code within a '#nullable' annotations context. [/app/src/AmusementRideCRM/AmusementRideCRM.csproj]
/app/src/AmusementRideCRM/Models/CustomerOrder.cs(12,18): warning CS8632: The annotation for nullable reference types should only be used in code within a '#nullable' annotations context. [/app/src/AmusementRideCRM/AmusementRideCRM.csproj]
/app/src/AmusementRideCRM/Models/CustomerOrder.cs(13,18): warning CS8632: The annotation for nullable reference types should only be used in code within a '#nullable' annotations context. [/app/src/AmusementRideCRM/AmusementRideCRM.csproj]
/app/src/AmusementRideCRM/Models/CustomerOrder.cs(14,18): warning CS8632: The annotation for nullable reference types should only be used in code within a '#nullable' annotations context. [/app/src/AmusementRideCRM/AmusementRideCRM.csproj]
/app/src/AmusementRideCRM/Models/CustomerOrder.cs(15,18): warning CS8632: The annotation for nullable reference types should only be used in code within a '#nullable' annotations context. [/app/src/AmusementRideCRM/AmusementRideCRM.csproj]
/app/src/AmusementRideCRM/Models/QBSyncQueue.cs(22,18): warning CS8632: The annotation for nullable reference types should only be used in code within a '#nullable' annotations context. [/app/src/AmusementRideCRM/AmusementRideCRM.csproj]
/app/src/AmusementRideCRM/Models/CustomerOrder.cs(16,18): warning CS8632: The annotation for nullable reference types should only be used in code within a '#nullable' annotations context. [/app/src/AmusementRideCRM/AmusementRideCRM.csproj]
/app/src/AmusementRideCRM/Models/CustomerOrder.cs(17,18): warning CS8632: The annotation for nullable reference types should only be used in code within a '#nullable' annotations context. [/app/src/AmusementRideCRM/AmusementRideCRM.csproj]
/app/src/AmusementRideCRM/Models/CustomerOrder.cs(18,18): warning CS8632: The annotation for nullable reference types should only be used in code within a '#nullable' annotations context. [/app/src/AmusementRideCRM/AmusementRideCRM.csproj]
/app/src/AmusementRideCRM/Models/CustomerOrder.cs(19,18): warning CS8632: The annotation for nullable reference types should only be used in code within a '#nullable' annotations context. [/app/src/AmusementRideCRM/AmusementRideCRM.csproj]
/app/src/AmusementRideCRM/Models/CustomerOrder.cs(20,18): warning CS8632: The annotation for nullable reference types should only be used in code within a '#nullable' annotations context. [/app/src/AmusementRideCRM/AmusementRideCRM.csproj]
/app/src/AmusementRideCRM/Models/CustomerOrder.cs(21,18): warning CS8632: The annotation for nullable reference types should only be used in code within a '#nullable' annotations context. [/app/src/AmusementRideCRM/AmusementRideCRM.csproj]
/app/src/AmusementRideCRM/Models/CustomerOrder.cs(22,18): warning CS8632: The annotation for nullable reference types should only be used in code within a '#nullable' annotations context. [/app/src/AmusementRideCRM/AmusementRideCRM.csproj]
/app/src/AmusementRideCRM/Models/CustomerOrder.cs(25,18): warning CS8632: The annotation for nullable reference types should only be used in code within a '#nullable' annotations context. [/app/src/AmusementRideCRM/AmusementRideCRM.csproj]
/app/src/AmusementRideCRM/Models/CustomerOrder.cs(30,18): warning CS8632: The annotation for nullable reference types should only be used in code within a '#nullable' annotations context. [/app/src/AmusementRideCRM/AmusementRideCRM.csproj]
/app/src/AmusementRideCRM/Models/CustomerOrder.cs(39,18): warning CS8632: The annotation for nullable reference types should only be used in code within a '#nullable' annotations context. [/app/src/AmusementRideCRM/AmusementRideCRM.csproj]
/app/src/AmusementRideCRM/Models/CustomerOrder.cs(40,18): warning CS8632: The annotation for nullable reference types should only be used in code within a '#nullable' annotations context. [/app/src/AmusementRideCRM/AmusementRideCRM.csproj]
/app/src/AmusementRideCRM/Models/CustomerOrder.cs(41,18): warning CS8632: The annotation for nullable reference types should only be used in code within a '#nullable' annotations context. [/app/src/AmusementRideCRM/AmusementRideCRM.csproj]
/app/src/AmusementRideCRM/Models/CustomerOrder.cs(43,18): warning CS8632: The annotation for nullable reference types should only be used in code within a '#nullable' annotations context. [/app/src/AmusementRideCRM/AmusementRideCRM.csproj]
/app/src/AmusementRideCRM/Models/CustomerOrder.cs(45,18): warning CS8632: The annotation for nullable reference types should only be used in code within a '#nullable' annotations context. [/app/src/AmusementRideCRM/AmusementRideCRM.csproj]
/app/src/AmusementRideCRM/Models/ReceivingLine.cs(14,18): warning CS8632: The annotation for nullable reference types should only be used in code within a '#nullable' annotations context. [/app/src/AmusementRideCRM/AmusementRideCRM.csproj]
/app/src/AmusementRideCRM/Models/ReceivingLine.cs(15,18): warning CS8632: The annotation for nullable reference types should only be used in code within a '#nullable' annotations context. [/app/src/AmusementRideCRM/AmusementRideCRM.csproj]
/app/src/AmusementRideCRM/Models/ReceivingLine.cs(17,18): warning CS8632: The annotation for nullable reference types should only be used in code within a '#nullable' annotations context. [/app/src/AmusementRideCRM/AmusementRideCRM.csproj]
/app/src/AmusementRideCRM/Models/ReceivingRecord.cs(12,18): warning CS8632: The annotation for nullable reference types should only be used in code within a '#nullable' annotations context. [/app/src/AmusementRideCRM/AmusementRideCRM.csproj]
/app/src/AmusementRideCRM/Models/ReceivingRecord.cs(13,18): warning CS8632: The annotation for nullable reference types should only be used in code within a '#nullable' annotations context. [/app/src/AmusementRideCRM/AmusementRideCRM.csproj]
/app/src/AmusementRideCRM/Models/ReceivingRecord.cs(14,18): warning CS8632: The annotation for nullable reference types should only be used in code within a '#nullable' annotations context. [/app/src/AmusementRideCRM/AmusementRideCRM.csproj]
/app/src/AmusementRideCRM/Models/ReceivingRecord.cs(17,18): warning CS8632: The annotation for nullable reference types should only be used in code within a '#nullable' annotations context. [/app/src/AmusementRideCRM/AmusementRideCRM.csproj]
/app/src/AmusementRideCRM/Models/ReceivingRecord.cs(18,18): warning CS8632: The annotation for nullable reference types should only be used in code within a '#nullable' annotations context. [/app/src/AmusementRideCRM/AmusementRideCRM.csproj]
/app/src/AmusementRideCRM/Models/CustomerOrderLine.cs(12,18): warning CS8632: The annotation for nullable reference types should only be used in code within a '#nullable' annotations context. [/app/src/AmusementRideCRM/AmusementRideCRM.csproj]
/app/src/AmusementRideCRM/Models/CustomerOrderLine.cs(15,18): warning CS8632: The annotation for nullable reference types should only be used in code within a '#nullable' annotations context. [/app/src/AmusementRideCRM/AmusementRideCRM.csproj]
/app/src/AmusementRideCRM/Models/ReceivingRecord.cs(22,18): warning CS8632: The annotation for nullable reference types should only be used in code within a '#nullable' annotations context. [/app/src/AmusementRideCRM/AmusementRideCRM.csproj]
/app/src/AmusementRideCRM/Models/ReceivingRecord.cs(24,18): warning CS8632: The annotation for nullable reference types should only be used in code within a '#nullable' annotations context. [/app/src/AmusementRideCRM/AmusementRideCRM.csproj]
/app/src/AmusementRideCRM/Models/CustomerOrderLine.cs(17,18): warning CS8632: The annotation for nullable reference types should only be used in code within a '#nullable' annotations context. [/app/src/AmusementRideCRM/AmusementRideCRM.csproj]
/app/src/AmusementRideCRM/Models/VendorPartCrossReference.cs(8,18): warning CS8632: The annotation for nullable reference types should only be used in code within a '#nullable' annotations context. [/app/src/AmusementRideCRM/AmusementRideCRM.csproj]
/app/src/AmusementRideCRM/Models/Shipment.cs(10,18): warning CS8632: The annotation for nullable reference types should only be used in code within a '#nullable' annotations context. [/app/src/AmusementRideCRM/AmusementRideCRM.csproj]
/app/src/AmusementRideCRM/Models/Shipment.cs(11,18): warning CS8632: The annotation for nullable reference types should only be used in code within a '#nullable' annotations context. [/app/src/AmusementRideCRM/AmusementRideCRM.csproj]
/app/src/AmusementRideCRM/Models/Shipment.cs(12,18): warning CS8632: The annotation for nullable reference types should only be used in code within a '#nullable' annotations context. [/app/src/AmusementRideCRM/AmusementRideCRM.csproj]
/app/src/AmusementRideCRM/Models/Shipment.cs(13,18): warning CS8632: The annotation for nullable reference types should only be used in code within a '#nullable' annotations context. [/app/src/AmusementRideCRM/AmusementRideCRM.csproj]
/app/src/AmusementRideCRM/Models/Shipment.cs(16,18): warning CS8632: The annotation for nullable reference types should only be used in code within a '#nullable' annotations context. [/app/src/AmusementRideCRM/AmusementRideCRM.csproj]
/app/src/AmusementRideCRM/Models/Shipment.cs(17,18): warning CS8632: The annotation for nullable reference types should only be used in code within a '#nullable' annotations context. [/app/src/AmusementRideCRM/AmusementRideCRM.csproj]
/app/src/AmusementRideCRM/Models/Shipment.cs(18,18): warning CS8632: The annotation for nullable reference types should only be used in code within a '#nullable' annotations context. [/app/src/AmusementRideCRM/AmusementRideCRM.csproj]
/app/src/AmusementRideCRM/Models/Shipment.cs(19,18): warning CS8632: The annotation for nullable reference types should only be used in code within a '#nullable' annotations context. [/app/src/AmusementRideCRM/AmusementRideCRM.csproj]
/app/src/AmusementRideCRM/Models/Shipment.cs(20,18): warning CS8632: The annotation for nullable reference types should only be used in code within a '#nullable' annotations context. [/app/src/AmusementRideCRM/AmusementRideCRM.csproj]
/app/src/AmusementRideCRM/Models/Shipment.cs(21,18): warning CS8632: The annotation for nullable reference types should only be used in code within a '#nullable' annotations context. [/app/src/AmusementRideCRM/AmusementRideCRM.csproj]
/app/src/AmusementRideCRM/Models/Shipment.cs(22,18): warning CS8632: The annotation for nullable reference types should only be used in code within a '#nullable' annotations context. [/app/src/AmusementRideCRM/AmusementRideCRM.csproj]
/app/src/AmusementRideCRM/Models/Shipment.cs(25,18): warning CS8632: The annotation for nullable reference types should only be used in code within a '#nullable' annotations context. [/app/src/AmusementRideCRM/AmusementRideCRM.csproj]
/app/src/AmusementRideCRM/Models/Shipment.cs(27,18): warning CS8632: The annotation for nullable reference types should only be used in code within a '#nullable' annotations context. [/app/src/AmusementRideCRM/AmusementRideCRM.csproj]
/app/src/AmusementRideCRM/Models/Shipment.cs(29,18): warning CS8632: The annotation for nullable reference types should only be used in code within a '#nullable' annotations context. [/app/src/AmusementRideCRM/AmusementRideCRM.csproj]
/app/src/AmusementRideCRM/Models/VendorSource.cs(8,18): warning CS8632: The annotation for nullable reference types should only be used in code within a '#nullable' annotations context. [/app/src/AmusementRideCRM/AmusementRideCRM.csproj]
/app/src/AmusementRideCRM/Models/VendorSource.cs(9,18): warning CS8632: The annotation for nullable reference types should only be used in code within a '#nullable' annotations context. [/app/src/AmusementRideCRM/AmusementRideCRM.csproj]
/app/src/AmusementRideCRM/Models/VendorSource.cs(17,18): warning CS8632: The annotation for nullable reference types should only be used in code within a '#nullable' annotations context. [/app/src/AmusementRideCRM/AmusementRideCRM.csproj]
/app/src/AmusementRideCRM/Models/VendorSource.cs(19,18): warning CS8632: The annotation for nullable reference types should only be used in code within a '#nullable' annotations context. [/app/src/AmusementRideCRM/AmusementRideCRM.csproj]
/app/src/AmusementRideCRM/Models/ShipmentLine.cs(11,18): warning CS8632: The annotation for nullable reference types should only be used in code within a '#nullable' annotations context. [/app/src/AmusementRideCRM/AmusementRideCRM.csproj]
/app/src/AmusementRideCRM/Models/WarehouseLocation.cs(8,18): warning CS8632: The annotation for nullable reference types should only be used in code within a '#nullable' annotations context. [/app/src/AmusementRideCRM/AmusementRideCRM.csproj]
/app/src/AmusementRideCRM/Models/WarehouseLocation.cs(9,18): warning CS8632: The annotation for nullable reference types should only be used in code within a '#nullable' annotations context. [/app/src/AmusementRideCRM/AmusementRideCRM.csproj]
/app/src/AmusementRideCRM/Models/WarehouseLocation.cs(10,18): warning CS8632: The annotation for nullable reference types should only be used in code within a '#nullable' annotations context. [/app/src/AmusementRideCRM/AmusementRideCRM.csproj]
/app/src/AmusementRideCRM/Models/WarehouseLocation.cs(11,18): warning CS8632: The annotation for nullable reference types should only be used in code within a '#nullable' annotations context. [/app/src/AmusementRideCRM/AmusementRideCRM.csproj]
/app/src/AmusementRideCRM/Models/WarehouseLocation.cs(14,18): warning CS8632: The annotation for nullable reference types should only be used in code within a '#nullable' annotations context. [/app/src/AmusementRideCRM/AmusementRideCRM.csproj]
/app/src/AmusementRideCRM/Models/WarehouseLocation.cs(16,18): warning CS8632: The annotation for nullable reference types should only be used in code within a '#nullable' annotations context. [/app/src/AmusementRideCRM/AmusementRideCRM.csproj]
/app/src/AmusementRideCRM/Models/WarehouseLocation.cs(18,18): warning CS8632: The annotation for nullable reference types should only be used in code within a '#nullable' annotations context. [/app/src/AmusementRideCRM/AmusementRideCRM.csproj]
/app/src/AmusementRideCRM/Models/ShipmentPackage.cs(12,18): warning CS8632: The annotation for nullable reference types should only be used in code within a '#nullable' annotations context. [/app/src/AmusementRideCRM/AmusementRideCRM.csproj]
/app/src/AmusementRideCRM/Models/ShipmentPackage.cs(13,18): warning CS8632: The annotation for nullable reference types should only be used in code within a '#nullable' annotations context. [/app/src/AmusementRideCRM/AmusementRideCRM.csproj]
/app/src/AmusementRideCRM/Models/ShipmentPackage.cs(15,18): warning CS8632: The annotation for nullable reference types should only be used in code within a '#nullable' annotations context. [/app/src/AmusementRideCRM/AmusementRideCRM.csproj]
/app/src/AmusementRideCRM/Models/SystemConfiguration.cs(9,18): warning CS8632: The annotation for nullable reference types should only be used in code within a '#nullable' annotations context. [/app/src/AmusementRideCRM/AmusementRideCRM.csproj]
/app/src/AmusementRideCRM/Models/SystemConfiguration.cs(10,18): warning CS8632: The annotation for nullable reference types should only be used in code within a '#nullable' annotations context. [/app/src/AmusementRideCRM/AmusementRideCRM.csproj]
/app/src/AmusementRideCRM/Models/SystemConfiguration.cs(13,18): warning CS8632: The annotation for nullable reference types should only be used in code within a '#nullable' annotations context. [/app/src/AmusementRideCRM/AmusementRideCRM.csproj]
/app/src/AmusementRideCRM/Models/UserMaster.cs(10,18): warning CS8632: The annotation for nullable reference types should only be used in code within a '#nullable' annotations context. [/app/src/AmusementRideCRM/AmusementRideCRM.csproj]
/app/src/AmusementRideCRM/Models/UserMaster.cs(13,18): warning CS8632: The annotation for nullable reference types should only be used in code within a '#nullable' annotations context. [/app/src/AmusementRideCRM/AmusementRideCRM.csproj]
/app/src/AmusementRideCRM/Models/UserMaster.cs(14,18): warning CS8632: The annotation for nullable reference types should only be used in code within a '#nullable' annotations context. [/app/src/AmusementRideCRM/AmusementRideCRM.csproj]
/app/src/AmusementRideCRM/Models/UserMaster.cs(18,18): warning CS8632: The annotation for nullable reference types should only be used in code within a '#nullable' annotations context. [/app/src/AmusementRideCRM/AmusementRideCRM.csproj]
/app/src/AmusementRideCRM/Models/UserMaster.cs(22,18): warning CS8632: The annotation for nullable reference types should only be used in code within a '#nullable' annotations context. [/app/src/AmusementRideCRM/AmusementRideCRM.csproj]
/app/src/AmusementRideCRM/Models/UserMaster.cs(24,18): warning CS8632: The annotation for nullable reference types should only be used in code within a '#nullable' annotations context. [/app/src/AmusementRideCRM/AmusementRideCRM.csproj]
/app/src/AmusementRideCRM/Models/UserMaster.cs(26,18): warning CS8632: The annotation for nullable reference types should only be used in code within a '#nullable' annotations context. [/app/src/AmusementRideCRM/AmusementRideCRM.csproj]
/app/src/AmusementRideCRM/Models/UserMaster.cs(28,18): warning CS8632: The annotation for nullable reference types should only be used in code within a '#nullable' annotations context. [/app/src/AmusementRideCRM/AmusementRideCRM.csproj]
/app/src/AmusementRideCRM/Models/VendorInvoice.cs(17,18): warning CS8632: The annotation for nullable reference types should only be used in code within a '#nullable' annotations context. [/app/src/AmusementRideCRM/AmusementRideCRM.csproj]
/app/src/AmusementRideCRM/Models/VendorInvoice.cs(18,18): warning CS8632: The annotation for nullable reference types should only be used in code within a '#nullable' annotations context. [/app/src/AmusementRideCRM/AmusementRideCRM.csproj]
/app/src/AmusementRideCRM/Models/VendorInvoice.cs(19,18): warning CS8632: The annotation for nullable reference types should only be used in code within a '#nullable' annotations context. [/app/src/AmusementRideCRM/AmusementRideCRM.csproj]
/app/src/AmusementRideCRM/Models/VendorInvoice.cs(23,18): warning CS8632: The annotation for nullable reference types should only be used in code within a '#nullable' annotations context. [/app/src/AmusementRideCRM/AmusementRideCRM.csproj]
/app/src/AmusementRideCRM/Models/VendorInvoice.cs(25,18): warning CS8632: The annotation for nullable reference types should only be used in code within a '#nullable' annotations context. [/app/src/AmusementRideCRM/AmusementRideCRM.csproj]
/app/src/AmusementRideCRM/Models/VendorInvoice.cs(26,18): warning CS8632: The annotation for nullable reference types should only be used in code within a '#nullable' annotations context. [/app/src/AmusementRideCRM/AmusementRideCRM.csproj]
/app/src/AmusementRideCRM/Models/VendorInvoice.cs(27,18): warning CS8632: The annotation for nullable reference types should only be used in code within a '#nullable' annotations context. [/app/src/AmusementRideCRM/AmusementRideCRM.csproj]
/app/src/AmusementRideCRM/Models/VendorInvoice.cs(29,18): warning CS8632: The annotation for nullable reference types should only be used in code within a '#nullable' annotations context. [/app/src/AmusementRideCRM/AmusementRideCRM.csproj]
/app/src/AmusementRideCRM/Models/VendorInvoice.cs(31,18): warning CS8632: The annotation for nullable reference types should only be used in code within a '#nullable' annotations context. [/app/src/AmusementRideCRM/AmusementRideCRM.csproj]
/app/src/AmusementRideCRM/Models/VendorInvoice.cs(33,18): warning CS8632: The annotation for nullable reference types should only be used in code within a '#nullable' annotations context. [/app/src/AmusementRideCRM/AmusementRideCRM.csproj]
/app/src/AmusementRideCRM/Models/VendorInvoiceLine.cs(9,18): warning CS8632: The annotation for nullable reference types should only be used in code within a '#nullable' annotations context. [/app/src/AmusementRideCRM/AmusementRideCRM.csproj]
/app/src/AmusementRideCRM/Models/VendorInvoiceLine.cs(10,18): warning CS8632: The annotation for nullable reference types should only be used in code within a '#nullable' annotations context. [/app/src/AmusementRideCRM/AmusementRideCRM.csproj]
/app/src/AmusementRideCRM/Models/VendorInvoiceLine.cs(13,18): warning CS8632: The annotation for nullable reference types should only be used in code within a '#nullable' annotations context. [/app/src/AmusementRideCRM/AmusementRideCRM.csproj]
/app/src/AmusementRideCRM/Models/VendorMaster.cs(7,18): warning CS8632: The annotation for nullable reference types should only be used in code within a '#nullable' annotations context. [/app/src/AmusementRideCRM/AmusementRideCRM.csproj]
/app/src/AmusementRideCRM/Models/VendorMaster.cs(8,18): warning CS8632: The annotation for nullable reference types should only be used in code within a '#nullable' annotations context. [/app/src/AmusementRideCRM/AmusementRideCRM.csproj]
/app/src/AmusementRideCRM/Models/VendorMaster.cs(9,18): warning CS8632: The annotation for nullable reference types should only be used in code within a '#nullable' annotations context. [/app/src/AmusementRideCRM/AmusementRideCRM.csproj]
/app/src/AmusementRideCRM/Models/VendorMaster.cs(10,18): warning CS8632: The annotation for nullable reference types should only be used in code within a '#nullable' annotations context. [/app/src/AmusementRideCRM/AmusementRideCRM.csproj]
/app/src/AmusementRideCRM/Models/VendorMaster.cs(11,18): warning CS8632: The annotation for nullable reference types should only be used in code within a '#nullable' annotations context. [/app/src/AmusementRideCRM/AmusementRideCRM.csproj]
/app/src/AmusementRideCRM/Models/VendorMaster.cs(12,18): warning CS8632: The annotation for nullable reference types should only be used in code within a '#nullable' annotations context. [/app/src/AmusementRideCRM/AmusementRideCRM.csproj]
/app/src/AmusementRideCRM/Models/VendorMaster.cs(13,18): warning CS8632: The annotation for nullable reference types should only be used in code within a '#nullable' annotations context. [/app/src/AmusementRideCRM/AmusementRideCRM.csproj]
/app/src/AmusementRideCRM/Models/VendorMaster.cs(14,18): warning CS8632: The annotation for nullable reference types should only be used in code within a '#nullable' annotations context. [/app/src/AmusementRideCRM/AmusementRideCRM.csproj]
/app/src/AmusementRideCRM/Models/VendorMaster.cs(15,18): warning CS8632: The annotation for nullable reference types should only be used in code within a '#nullable' annotations context. [/app/src/AmusementRideCRM/AmusementRideCRM.csproj]
/app/src/AmusementRideCRM/Models/VendorMaster.cs(16,18): warning CS8632: The annotation for nullable reference types should only be used in code within a '#nullable' annotations context. [/app/src/AmusementRideCRM/AmusementRideCRM.csproj]
/app/src/AmusementRideCRM/Models/VendorMaster.cs(17,18): warning CS8632: The annotation for nullable reference types should only be used in code within a '#nullable' annotations context. [/app/src/AmusementRideCRM/AmusementRideCRM.csproj]
/app/src/AmusementRideCRM/Models/VendorMaster.cs(19,18): warning CS8632: The annotation for nullable reference types should only be used in code within a '#nullable' annotations context. [/app/src/AmusementRideCRM/AmusementRideCRM.csproj]
/app/src/AmusementRideCRM/Models/VendorMaster.cs(20,18): warning CS8632: The annotation for nullable reference types should only be used in code within a '#nullable' annotations context. [/app/src/AmusementRideCRM/AmusementRideCRM.csproj]
/app/src/AmusementRideCRM/Models/VendorMaster.cs(21,18): warning CS8632: The annotation for nullable reference types should only be used in code within a '#nullable' annotations context. [/app/src/AmusementRideCRM/AmusementRideCRM.csproj]
/app/src/AmusementRideCRM/Models/VendorMaster.cs(22,18): warning CS8632: The annotation for nullable reference types should only be used in code within a '#nullable' annotations context. [/app/src/AmusementRideCRM/AmusementRideCRM.csproj]
/app/src/AmusementRideCRM/Models/VendorMaster.cs(25,18): warning CS8632: The annotation for nullable reference types should only be used in code within a '#nullable' annotations context. [/app/src/AmusementRideCRM/AmusementRideCRM.csproj]
/app/src/AmusementRideCRM/Models/VendorMaster.cs(27,18): warning CS8632: The annotation for nullable reference types should only be used in code within a '#nullable' annotations context. [/app/src/AmusementRideCRM/AmusementRideCRM.csproj]
/app/src/AmusementRideCRM/Pages/Error.cshtml.cs(11,18): warning CS8632: The annotation for nullable reference types should only be used in code within a '#nullable' annotations context. [/app/src/AmusementRideCRM/AmusementRideCRM.csproj]
  AmusementRideCRM -> /app/src/AmusementRideCRM/bin/Debug/net8.0/AmusementRideCRM.dll

Build succeeded.

/app/src/AmusementRideCRM/Models/CustomerRide.cs(9,18): warning CS8632: The annotation for nullable reference types should only be used in code within a '#nullable' annotations context. [/app/src/AmusementRideCRM/AmusementRideCRM.csproj]
/app/src/AmusementRideCRM/Models/PartMergeHistory.cs(10,18): warning CS8632: The annotation for nullable reference types should only be used in code within a '#nullable' annotations context. [/app/src/AmusementRideCRM/AmusementRideCRM.csproj]
/app/src/AmusementRideCRM/Models/PartMergeHistory.cs(11,18): warning CS8632: The annotation for nullable reference types should only be used in code within a '#nullable' annotations context. [/app/src/AmusementRideCRM/AmusementRideCRM.csproj]
/app/src/AmusementRideCRM/Models/PartMergeHistory.cs(12,18): warning CS8632: The annotation for nullable reference types should only be used in code within a '#nullable' annotations context. [/app/src/AmusementRideCRM/AmusementRideCRM.csproj]
/app/src/AmusementRideCRM/Models/CustomerRide.cs(11,18): warning CS8632: The annotation for nullable reference types should only be used in code within a '#nullable' annotations context. [/app/src/AmusementRideCRM/AmusementRideCRM.csproj]
/app/src/AmusementRideCRM/Models/CustomerRide.cs(14,18): warning CS8632: The annotation for nullable reference types should only be used in code within a '#nullable' annotations context. [/app/src/AmusementRideCRM/AmusementRideCRM.csproj]
/app/src/AmusementRideCRM/Models/CustomerRide.cs(16,18): warning CS8632: The annotation for nullable reference types should only be used in code within a '#nullable' annotations context. [/app/src/AmusementRideCRM/AmusementRideCRM.csproj]
/app/src/AmusementRideCRM/Models/PartRideApplication.cs(9,18): warning CS8632: The annotation for nullable reference types should only be used in code within a '#nullable' annotations context. [/app/src/AmusementRideCRM/AmusementRideCRM.csproj]
/app/src/AmusementRideCRM/Models/PartRideApplication.cs(11,18): warning CS8632: The annotation for nullable reference types should only be used in code within a '#nullable' annotations context. [/app/src/AmusementRideCRM/AmusementRideCRM.csproj]
/app/src/AmusementRideCRM/Models/ErrorLogging.cs(8,18): warning CS8632: The annotation for nullable reference types should only be used in code within a '#nullable' annotations context. [/app/src/AmusementRideCRM/AmusementRideCRM.csproj]
/app/src/AmusementRideCRM/Models/ErrorLogging.cs(9,18): warning CS8632: The annotation for nullable reference types should only be used in code within a '#nullable' annotations context. [/app/src/AmusementRideCRM/AmusementRideCRM.csproj]
/app/src/AmusementRideCRM/Models/ErrorLogging.cs(10,18): warning CS8632: The annotation for nullable reference types should only be used in code within a '#nullable' annotations context. [/app/src/AmusementRideCRM/AmusementRideCRM.csproj]
/app/src/AmusementRideCRM/Models/ErrorLogging.cs(11,18): warning CS8632: The annotation for nullable reference types should only be used in code within a '#nullable' annotations context. [/app/src/AmusementRideCRM/AmusementRideCRM.csproj]
/app/src/AmusementRideCRM/Models/ErrorLogging.cs(12,18): warning CS8632: The annotation for nullable reference types should only be used in code within a '#nullable' annotations context. [/app/src/AmusementRideCRM/AmusementRideCRM.csproj]
/app/src/AmusementRideCRM/Models/ErrorLogging.cs(13,18): warning CS8632: The annotation for nullable reference types should only be used in code within a '#nullable' annotations context. [/app/src/AmusementRideCRM/AmusementRideCRM.csproj]
/app/src/AmusementRideCRM/Models/ErrorLogging.cs(16,18): warning CS8632: The annotation for nullable reference types should only be used in code within a '#nullable' annotations context. [/app/src/AmusementRideCRM/AmusementRideCRM.csproj]
/app/src/AmusementRideCRM/Models/ErrorLogging.cs(17,18): warning CS8632: The annotation for nullable reference types should only be used in code within a '#nullable' annotations context. [/app/src/AmusementRideCRM/AmusementRideCRM.csproj]
/app/src/AmusementRideCRM/Models/ErrorLogging.cs(18,18): warning CS8632: The annotation for nullable reference types should only be used in code within a '#nullable' annotations context. [/app/src/AmusementRideCRM/AmusementRideCRM.csproj]
/app/src/AmusementRideCRM/Models/PurchaseOrder.cs(12,18): warning CS8632: The annotation for nullable reference types should only be used in code within a '#nullable' annotations context. [/app/src/AmusementRideCRM/AmusementRideCRM.csproj]
/app/src/AmusementRideCRM/Models/PurchaseOrder.cs(16,18): warning CS8632: The annotation for nullable reference types should only be used in code within a '#nullable' annotations context. [/app/src/AmusementRideCRM/AmusementRideCRM.csproj]
/app/src/AmusementRideCRM/Models/PurchaseOrder.cs(17,18): warning CS8632: The annotation for nullable reference types should only be used in code within a '#nullable' annotations context. [/app/src/AmusementRideCRM/AmusementRideCRM.csproj]
/app/src/AmusementRideCRM/Models/PurchaseOrder.cs(18,18): warning CS8632: The annotation for nullable reference types should only be used in code within a '#nullable' annotations context. [/app/src/AmusementRideCRM/AmusementRideCRM.csproj]
/app/src/AmusementRideCRM/Models/PurchaseOrder.cs(19,18): warning CS8632: The annotation for nullable reference types should only be used in code within a '#nullable' annotations context. [/app/src/AmusementRideCRM/AmusementRideCRM.csproj]
/app/src/AmusementRideCRM/Models/PurchaseOrder.cs(21,18): warning CS8632: The annotation for nullable reference types should only be used in code within a '#nullable' annotations context. [/app/src/AmusementRideCRM/AmusementRideCRM.csproj]
/app/src/AmusementRideCRM/Models/AuditLog.cs(8,18): warning CS8632: The annotation for nullable reference types should only be used in code within a '#nullable' annotations context. [/app/src/AmusementRideCRM/AmusementRideCRM.csproj]
/app/src/AmusementRideCRM/Models/AuditLog.cs(12,18): warning CS8632: The annotation for nullable reference types should only be used in code within a '#nullable' annotations context. [/app/src/AmusementRideCRM/AmusementRideCRM.csproj]
/app/src/AmusementRideCRM/Models/PurchaseOrder.cs(23,18): warning CS8632: The annotation for nullable reference types should only be used in code within a '#nullable' annotations context. [/app/src/AmusementRideCRM/AmusementRideCRM.csproj]
/app/src/AmusementRideCRM/Models/AuditLog.cs(13,18): warning CS8632: The annotation for nullable reference types should only be used in code within a '#nullable' annotations context. [/app/src/AmusementRideCRM/AmusementRideCRM.csproj]
/app/src/AmusementRideCRM/Models/AuditLog.cs(14,18): warning CS8632: The annotation for nullable reference types should only be used in code within a '#nullable' annotations context. [/app/src/AmusementRideCRM/AmusementRideCRM.csproj]
/app/src/AmusementRideCRM/Models/FileAttachment.cs(9,18): warning CS8632: The annotation for nullable reference types should only be used in code within a '#nullable' annotations context. [/app/src/AmusementRideCRM/AmusementRideCRM.csproj]
/app/src/AmusementRideCRM/Models/AuditLog.cs(15,18): warning CS8632: The annotation for nullable reference types should only be used in code within a '#nullable' annotations context. [/app/src/AmusementRideCRM/AmusementRideCRM.csproj]
/app/src/AmusementRideCRM/Models/AuditLog.cs(16,18): warning CS8632: The annotation for nullable reference types should only be used in code within a '#nullable' annotations context. [/app/src/AmusementRideCRM/AmusementRideCRM.csproj]
/app/src/AmusementRideCRM/Models/FileAttachment.cs(10,18): warning CS8632: The annotation for nullable reference types should only be used in code within a '#nullable' annotations context. [/app/src/AmusementRideCRM/AmusementRideCRM.csproj]
/app/src/AmusementRideCRM/Models/FileAttachment.cs(11,18): warning CS8632: The annotation for nullable reference types should only be used in code within a '#nullable' annotations context. [/app/src/AmusementRideCRM/AmusementRideCRM.csproj]
/app/src/AmusementRideCRM/Models/FileAttachment.cs(13,18): warning CS8632: The annotation for nullable reference types should only be used in code within a '#nullable' annotations context. [/app/src/AmusementRideCRM/AmusementRideCRM.csproj]
/app/src/AmusementRideCRM/Models/AuditLog.cs(17,18): warning CS8632: The annotation for nullable reference types should only be used in code within a '#nullable' annotations context. [/app/src/AmusementRideCRM/AmusementRideCRM.csproj]
/app/src/AmusementRideCRM/Models/FileAttachment.cs(15,18): warning CS8632: The annotation for nullable reference types should only be used in code within a '#nullable' annotations context. [/app/src/AmusementRideCRM/AmusementRideCRM.csproj]
/app/src/AmusementRideCRM/Models/AuditLog.cs(18,18): warning CS8632: The annotation for nullable reference types should only be used in code within a '#nullable' annotations context. [/app/src/AmusementRideCRM/AmusementRideCRM.csproj]
/app/src/AmusementRideCRM/Models/HoldingLocation.cs(8,18): warning CS8632: The annotation for nullable reference types should only be used in code within a '#nullable' annotations context. [/app/src/AmusementRideCRM/AmusementRideCRM.csproj]
/app/src/AmusementRideCRM/Models/HoldingLocation.cs(11,18): warning CS8632: The annotation for nullable reference types should only be used in code within a '#nullable' annotations context. [/app/src/AmusementRideCRM/AmusementRideCRM.csproj]
/app/src/AmusementRideCRM/Models/HoldingLocation.cs(13,18): warning CS8632: The annotation for nullable reference types should only be used in code within a '#nullable' annotations context. [/app/src/AmusementRideCRM/AmusementRideCRM.csproj]
/app/src/AmusementRideCRM/Models/PurchaseOrderLine.cs(9,18): warning CS8632: The annotation for nullable reference types should only be used in code within a '#nullable' annotations context. [/app/src/AmusementRideCRM/AmusementRideCRM.csproj]
/app/src/AmusementRideCRM/Models/PurchaseOrderLine.cs(10,18): warning CS8632: The annotation for nullable reference types should only be used in code within a '#nullable' annotations context. [/app/src/AmusementRideCRM/AmusementRideCRM.csproj]
/app/src/AmusementRideCRM/Models/PurchaseOrderLine.cs(13,18): warning CS8632: The annotation for nullable reference types should only be used in code within a '#nullable' annotations context. [/app/src/AmusementRideCRM/AmusementRideCRM.csproj]
/app/src/AmusementRideCRM/Models/PurchaseOrderLine.cs(15,18): warning CS8632: The annotation for nullable reference types should only be used in code within a '#nullable' annotations context. [/app/src/AmusementRideCRM/AmusementRideCRM.csproj]
/app/src/AmusementRideCRM/Models/PurchaseOrderLine.cs(16,18): warning CS8632: The annotation for nullable reference types should only be used in code within a '#nullable' annotations context. [/app/src/AmusementRideCRM/AmusementRideCRM.csproj]
/app/src/AmusementRideCRM/Models/PurchaseOrderLine.cs(17,18): warning CS8632: The annotation for nullable reference types should only be used in code within a '#nullable' annotations context. [/app/src/AmusementRideCRM/AmusementRideCRM.csproj]
/app/src/AmusementRideCRM/Models/PurchaseOrderLine.cs(18,18): warning CS8632: The annotation for nullable reference types should only be used in code within a '#nullable' annotations context. [/app/src/AmusementRideCRM/AmusementRideCRM.csproj]
/app/src/AmusementRideCRM/Models/PurchaseOrderLine.cs(19,18): warning CS8632: The annotation for nullable reference types should only be used in code within a '#nullable' annotations context. [/app/src/AmusementRideCRM/AmusementRideCRM.csproj]
/app/src/AmusementRideCRM/Models/Customer.cs(7,18): warning CS8632: The annotation for nullable reference types should only be used in code within a '#nullable' annotations context. [/app/src/AmusementRideCRM/AmusementRideCRM.csproj]
/app/src/AmusementRideCRM/Models/PurchaseOrderLine.cs(22,18): warning CS8632: The annotation for nullable reference types should only be used in code within a '#nullable' annotations context. [/app/src/AmusementRideCRM/AmusementRideCRM.csproj]
/app/src/AmusementRideCRM/Models/Customer.cs(8,18): warning CS8632: The annotation for nullable reference types should only be used in code within a '#nullable' annotations context. [/app/src/AmusementRideCRM/AmusementRideCRM.csproj]
/app/src/AmusementRideCRM/Models/Customer.cs(9,18): warning CS8632: The annotation for nullable reference types should only be used in code within a '#nullable' annotations context. [/app/src/AmusementRideCRM/AmusementRideCRM.csproj]
/app/src/AmusementRideCRM/Models/Customer.cs(10,18): warning CS8632: The annotation for nullable reference types should only be used in code within a '#nullable' annotations context. [/app/src/AmusementRideCRM/AmusementRideCRM.csproj]
/app/src/AmusementRideCRM/Models/Customer.cs(11,18): warning CS8632: The annotation for nullable reference types should only be used in code within a '#nullable' annotations context. [/app/src/AmusementRideCRM/AmusementRideCRM.csproj]
/app/src/AmusementRideCRM/Models/Customer.cs(12,18): warning CS8632: The annotation for nullable reference types should only be used in code within a '#nullable' annotations context. [/app/src/AmusementRideCRM/AmusementRideCRM.csproj]
/app/src/AmusementRideCRM/Models/Customer.cs(13,18): warning CS8632: The annotation for nullable reference types should only be used in code within a '#nullable' annotations context. [/app/src/AmusementRideCRM/AmusementRideCRM.csproj]
/app/src/AmusementRideCRM/Models/Customer.cs(14,18): warning CS8632: The annotation for nullable reference types should only be used in code within a '#nullable' annotations context. [/app/src/AmusementRideCRM/AmusementRideCRM.csproj]
/app/src/AmusementRideCRM/Models/Customer.cs(15,18): warning CS8632: The annotation for nullable reference types should only be used in code within a '#nullable' annotations context. [/app/src/AmusementRideCRM/AmusementRideCRM.csproj]
/app/src/AmusementRideCRM/Models/Customer.cs(16,18): warning CS8632: The annotation for nullable reference types should only be used in code within a '#nullable' annotations context. [/app/src/AmusementRideCRM/AmusementRideCRM.csproj]
/app/src/AmusementRideCRM/Models/Customer.cs(17,18): warning CS8632: The annotation for nullable reference types should only be used in code within a '#nullable' annotations context. [/app/src/AmusementRideCRM/AmusementRideCRM.csproj]
/app/src/AmusementRideCRM/Models/Customer.cs(18,18): warning CS8632: The annotation for nullable reference types should only be used in code within a '#nullable' annotations context. [/app/src/AmusementRideCRM/AmusementRideCRM.csproj]
/app/src/AmusementRideCRM/Models/Customer.cs(19,18): warning CS8632: The annotation for nullable reference types should only be used in code within a '#nullable' annotations context. [/app/src/AmusementRideCRM/AmusementRideCRM.csproj]
/app/src/AmusementRideCRM/Models/InventoryReservation.cs(13,18): warning CS8632: The annotation for nullable reference types should only be used in code within a '#nullable' annotations context. [/app/src/AmusementRideCRM/AmusementRideCRM.csproj]
/app/src/AmusementRideCRM/Models/Customer.cs(20,18): warning CS8632: The annotation for nullable reference types should only be used in code within a '#nullable' annotations context. [/app/src/AmusementRideCRM/AmusementRideCRM.csproj]
/app/src/AmusementRideCRM/Models/Customer.cs(21,18): warning CS8632: The annotation for nullable reference types should only be used in code within a '#nullable' annotations context. [/app/src/AmusementRideCRM/AmusementRideCRM.csproj]
/app/src/AmusementRideCRM/Models/Customer.cs(22,18): warning CS8632: The annotation for nullable reference types should only be used in code within a '#nullable' annotations context. [/app/src/AmusementRideCRM/AmusementRideCRM.csproj]
/app/src/AmusementRideCRM/Models/Customer.cs(23,18): warning CS8632: The annotation for nullable reference types should only be used in code within a '#nullable' annotations context. [/app/src/AmusementRideCRM/AmusementRideCRM.csproj]
/app/src/AmusementRideCRM/Models/Customer.cs(24,18): warning CS8632: The annotation for nullable reference types should only be used in code within a '#nullable' annotations context. [/app/src/AmusementRideCRM/AmusementRideCRM.csproj]
/app/src/AmusementRideCRM/Models/Customer.cs(27,18): warning CS8632: The annotation for nullable reference types should only be used in code within a '#nullable' annotations context. [/app/src/AmusementRideCRM/AmusementRideCRM.csproj]
/app/src/AmusementRideCRM/Models/Customer.cs(28,18): warning CS8632: The annotation for nullable reference types should only be used in code within a '#nullable' annotations context. [/app/src/AmusementRideCRM/AmusementRideCRM.csproj]
/app/src/AmusementRideCRM/Models/Customer.cs(29,18): warning CS8632: The annotation for nullable reference types should only be used in code within a '#nullable' annotations context. [/app/src/AmusementRideCRM/AmusementRideCRM.csproj]
/app/src/AmusementRideCRM/Models/Customer.cs(30,18): warning CS8632: The annotation for nullable reference types should only be used in code within a '#nullable' annotations context. [/app/src/AmusementRideCRM/AmusementRideCRM.csproj]
/app/src/AmusementRideCRM/Models/Customer.cs(34,18): warning CS8632: The annotation for nullable reference types should only be used in code within a '#nullable' annotations context. [/app/src/AmusementRideCRM/AmusementRideCRM.csproj]
/app/src/AmusementRideCRM/Models/Customer.cs(36,18): warning CS8632: The annotation for nullable reference types should only be used in code within a '#nullable' annotations context. [/app/src/AmusementRideCRM/AmusementRideCRM.csproj]
/app/src/AmusementRideCRM/Models/InventoryReservation.cs(14,18): warning CS8632: The annotation for nullable reference types should only be used in code within a '#nullable' annotations context. [/app/src/AmusementRideCRM/AmusementRideCRM.csproj]
/app/src/AmusementRideCRM/Models/CustomerContact.cs(8,18): warning CS8632: The annotation for nullable reference types should only be used in code within a '#nullable' annotations context. [/app/src/AmusementRideCRM/AmusementRideCRM.csproj]
/app/src/AmusementRideCRM/Models/CustomerContact.cs(9,18): warning CS8632: The annotation for nullable reference types should only be used in code within a '#nullable' annotations context. [/app/src/AmusementRideCRM/AmusementRideCRM.csproj]
/app/src/AmusementRideCRM/Models/CustomerContact.cs(10,18): warning CS8632: The annotation for nullable reference types should only be used in code within a '#nullable' annotations context. [/app/src/AmusementRideCRM/AmusementRideCRM.csproj]
/app/src/AmusementRideCRM/Models/CustomerContact.cs(11,18): warning CS8632: The annotation for nullable reference types should only be used in code within a '#nullable' annotations context. [/app/src/AmusementRideCRM/AmusementRideCRM.csproj]
/app/src/AmusementRideCRM/Models/CustomerContact.cs(12,18): warning CS8632: The annotation for nullable reference types should only be used in code within a '#nullable' annotations context. [/app/src/AmusementRideCRM/AmusementRideCRM.csproj]
/app/src/AmusementRideCRM/Models/CustomerContact.cs(13,18): warning CS8632: The annotation for nullable reference types should only be used in code within a '#nullable' annotations context. [/app/src/AmusementRideCRM/AmusementRideCRM.csproj]
/app/src/AmusementRideCRM/Models/CustomerContact.cs(16,18): warning CS8632: The annotation for nullable reference types should only be used in code within a '#nullable' annotations context. [/app/src/AmusementRideCRM/AmusementRideCRM.csproj]
/app/src/AmusementRideCRM/Models/CustomerContact.cs(18,18): warning CS8632: The annotation for nullable reference types should only be used in code within a '#nullable' annotations context. [/app/src/AmusementRideCRM/AmusementRideCRM.csproj]
/app/src/AmusementRideCRM/Models/CustomerContact.cs(20,18): warning CS8632: The annotation for nullable reference types should only be used in code within a '#nullable' annotations context. [/app/src/AmusementRideCRM/AmusementRideCRM.csproj]
/app/src/AmusementRideCRM/Models/NotificationQueue.cs(7,18): warning CS8632: The annotation for nullable reference types should only be used in code within a '#nullable' annotations context. [/app/src/AmusementRideCRM/AmusementRideCRM.csproj]
/app/src/AmusementRideCRM/Models/NotificationQueue.cs(11,18): warning CS8632: The annotation for nullable reference types should only be used in code within a '#nullable' annotations context. [/app/src/AmusementRideCRM/AmusementRideCRM.csproj]
/app/src/AmusementRideCRM/Models/NotificationQueue.cs(13,18): warning CS8632: The annotation for nullable reference types should only be used in code within a '#nullable' annotations context. [/app/src/AmusementRideCRM/AmusementRideCRM.csproj]
/app/src/AmusementRideCRM/Models/NumberSequence.cs(10,18): warning CS8632: The annotation for nullable reference types should only be used in code within a '#nullable' annotations context. [/app/src/AmusementRideCRM/AmusementRideCRM.csproj]
/app/src/AmusementRideCRM/Models/CustomerInvoice.cs(12,18): warning CS8632: The annotation for nullable reference types should only be used in code within a '#nullable' annotations context. [/app/src/AmusementRideCRM/AmusementRideCRM.csproj]
/app/src/AmusementRideCRM/Models/CustomerInvoice.cs(20,18): warning CS8632: The annotation for nullable reference types should only be used in code within a '#nullable' annotations context. [/app/src/AmusementRideCRM/AmusementRideCRM.csproj]
/app/src/AmusementRideCRM/Models/CustomerInvoice.cs(22,18): warning CS8632: The annotation for nullable reference types should only be used in code within a '#nullable' annotations context. [/app/src/AmusementRideCRM/AmusementRideCRM.csproj]
/app/src/AmusementRideCRM/Models/CustomerInvoice.cs(23,18): warning CS8632: The annotation for nullable reference types should only be used in code within a '#nullable' annotations context. [/app/src/AmusementRideCRM/AmusementRideCRM.csproj]
/app/src/AmusementRideCRM/Models/CustomerInvoice.cs(24,18): warning CS8632: The annotation for nullable reference types should only be used in code within a '#nullable' annotations context. [/app/src/AmusementRideCRM/AmusementRideCRM.csproj]
/app/src/AmusementRideCRM/Models/CustomerInvoice.cs(25,18): warning CS8632: The annotation for nullable reference types should only be used in code within a '#nullable' annotations context. [/app/src/AmusementRideCRM/AmusementRideCRM.csproj]
/app/src/AmusementRideCRM/Models/CustomerInvoice.cs(26,18): warning CS8632: The annotation for nullable reference types should only be used in code within a '#nullable' annotations context. [/app/src/AmusementRideCRM/AmusementRideCRM.csproj]
/app/src/AmusementRideCRM/Models/CustomerInvoice.cs(27,18): warning CS8632: The annotation for nullable reference types should only be used in code within a '#nullable' annotations context. [/app/src/AmusementRideCRM/AmusementRideCRM.csproj]
/app/src/AmusementRideCRM/Models/CustomerInvoice.cs(28,18): warning CS8632: The annotation for nullable reference types should only be used in code within a '#nullable' annotations context. [/app/src/AmusementRideCRM/AmusementRideCRM.csproj]
/app/src/AmusementRideCRM/Models/Part.cs(8,18): warning CS8632: The annotation for nullable reference types should only be used in code within a '#nullable' annotations context. [/app/src/AmusementRideCRM/AmusementRideCRM.csproj]
/app/src/AmusementRideCRM/Models/Part.cs(9,18): warning CS8632: The annotation for nullable reference types should only be used in code within a '#nullable' annotations context. [/app/src/AmusementRideCRM/AmusementRideCRM.csproj]
/app/src/AmusementRideCRM/Models/CustomerInvoice.cs(29,18): warning CS8632: The annotation for nullable reference types should only be used in code within a '#nullable' annotations context. [/app/src/AmusementRideCRM/AmusementRideCRM.csproj]
/app/src/AmusementRideCRM/Models/CustomerInvoice.cs(30,18): warning CS8632: The annotation for nullable reference types should only be used in code within a '#nullable' annotations context. [/app/src/AmusementRideCRM/AmusementRideCRM.csproj]
/app/src/AmusementRideCRM/Models/CustomerInvoice.cs(31,18): warning CS8632: The annotation for nullable reference types should only be used in code within a '#nullable' annotations context. [/app/src/AmusementRideCRM/AmusementRideCRM.csproj]
/app/src/AmusementRideCRM/Models/Part.cs(13,18): warning CS8632: The annotation for nullable reference types should only be used in code within a '#nullable' annotations context. [/app/src/AmusementRideCRM/AmusementRideCRM.csproj]
/app/src/AmusementRideCRM/Models/CustomerInvoice.cs(32,18): warning CS8632: The annotation for nullable reference types should only be used in code within a '#nullable' annotations context. [/app/src/AmusementRideCRM/AmusementRideCRM.csproj]
/app/src/AmusementRideCRM/Models/CustomerInvoice.cs(34,18): warning CS8632: The annotation for nullable reference types should only be used in code within a '#nullable' annotations context. [/app/src/AmusementRideCRM/AmusementRideCRM.csproj]
/app/src/AmusementRideCRM/Models/CustomerInvoice.cs(36,18): warning CS8632: The annotation for nullable reference types should only be used in code within a '#nullable' annotations context. [/app/src/AmusementRideCRM/AmusementRideCRM.csproj]
/app/src/AmusementRideCRM/Models/Part.cs(21,18): warning CS8632: The annotation for nullable reference types should only be used in code within a '#nullable' annotations context. [/app/src/AmusementRideCRM/AmusementRideCRM.csproj]
/app/src/AmusementRideCRM/Models/Part.cs(25,18): warning CS8632: The annotation for nullable reference types should only be used in code within a '#nullable' annotations context. [/app/src/AmusementRideCRM/AmusementRideCRM.csproj]
/app/src/AmusementRideCRM/Models/Part.cs(26,18): warning CS8632: The annotation for nullable reference types should only be used in code within a '#nullable' annotations context. [/app/src/AmusementRideCRM/AmusementRideCRM.csproj]
/app/src/AmusementRideCRM/Models/Part.cs(29,18): warning CS8632: The annotation for nullable reference types should only be used in code within a '#nullable' annotations context. [/app/src/AmusementRideCRM/AmusementRideCRM.csproj]
/app/src/AmusementRideCRM/Models/Part.cs(31,18): warning CS8632: The annotation for nullable reference types should only be used in code within a '#nullable' annotations context. [/app/src/AmusementRideCRM/AmusementRideCRM.csproj]
/app/src/AmusementRideCRM/Models/PurchasingQueueItem.cs(13,18): warning CS8632: The annotation for nullable reference types should only be used in code within a '#nullable' annotations context. [/app/src/AmusementRideCRM/AmusementRideCRM.csproj]
/app/src/AmusementRideCRM/Models/PurchasingQueueItem.cs(14,18): warning CS8632: The annotation for nullable reference types should only be used in code within a '#nullable' annotations context. [/app/src/AmusementRideCRM/AmusementRideCRM.csproj]
/app/src/AmusementRideCRM/Models/PurchasingQueueItem.cs(15,18): warning CS8632: The annotation for nullable reference types should only be used in code within a '#nullable' annotations context. [/app/src/AmusementRideCRM/AmusementRideCRM.csproj]
/app/src/AmusementRideCRM/Models/PurchasingQueueItem.cs(18,18): warning CS8632: The annotation for nullable reference types should only be used in code within a '#nullable' annotations context. [/app/src/AmusementRideCRM/AmusementRideCRM.csproj]
/app/src/AmusementRideCRM/Models/CustomerInvoiceLine.cs(14,18): warning CS8632: The annotation for nullable reference types should only be used in code within a '#nullable' annotations context. [/app/src/AmusementRideCRM/AmusementRideCRM.csproj]
/app/src/AmusementRideCRM/Models/PurchasingQueueItem.cs(20,18): warning CS8632: The annotation for nullable reference types should only be used in code within a '#nullable' annotations context. [/app/src/AmusementRideCRM/AmusementRideCRM.csproj]
/app/src/AmusementRideCRM/Models/CustomerInvoiceLine.cs(15,18): warning CS8632: The annotation for nullable reference types should only be used in code within a '#nullable' annotations context. [/app/src/AmusementRideCRM/AmusementRideCRM.csproj]
/app/src/AmusementRideCRM/Models/PurchasingQueueItem.cs(22,18): warning CS8632: The annotation for nullable reference types should only be used in code within a '#nullable' annotations context. [/app/src/AmusementRideCRM/AmusementRideCRM.csproj]
/app/src/AmusementRideCRM/Models/QBSyncQueue.cs(11,18): warning CS8632: The annotation for nullable reference types should only be used in code within a '#nullable' annotations context. [/app/src/AmusementRideCRM/AmusementRideCRM.csproj]
/app/src/AmusementRideCRM/Models/QBSyncQueue.cs(12,18): warning CS8632: The annotation for nullable reference types should only be used in code within a '#nullable' annotations context. [/app/src/AmusementRideCRM/AmusementRideCRM.csproj]
/app/src/AmusementRideCRM/Models/QBSyncQueue.cs(13,18): warning CS8632: The annotation for nullable reference types should only be used in code within a '#nullable' annotations context. [/app/src/AmusementRideCRM/AmusementRideCRM.csproj]
/app/src/AmusementRideCRM/Models/QBSyncQueue.cs(14,18): warning CS8632: The annotation for nullable reference types should only be used in code within a '#nullable' annotations context. [/app/src/AmusementRideCRM/AmusementRideCRM.csproj]
/app/src/AmusementRideCRM/Models/QBSyncQueue.cs(17,18): warning CS8632: The annotation for nullable reference types should only be used in code within a '#nullable' annotations context. [/app/src/AmusementRideCRM/AmusementRideCRM.csproj]
/app/src/AmusementRideCRM/Models/CustomerOrder.cs(10,18): warning CS8632: The annotation for nullable reference types should only be used in code within a '#nullable' annotations context. [/app/src/AmusementRideCRM/AmusementRideCRM.csproj]
/app/src/AmusementRideCRM/Models/CustomerOrder.cs(11,18): warning CS8632: The annotation for nullable reference types should only be used in code within a '#nullable' annotations context. [/app/src/AmusementRideCRM/AmusementRideCRM.csproj]
/app/src/AmusementRideCRM/Models/CustomerOrder.cs(12,18): warning CS8632: The annotation for nullable reference types should only be used in code within a '#nullable' annotations context. [/app/src/AmusementRideCRM/AmusementRideCRM.csproj]
/app/src/AmusementRideCRM/Models/CustomerOrder.cs(13,18): warning CS8632: The annotation for nullable reference types should only be used in code within a '#nullable' annotations context. [/app/src/AmusementRideCRM/AmusementRideCRM.csproj]
/app/src/AmusementRideCRM/Models/CustomerOrder.cs(14,18): warning CS8632: The annotation for nullable reference types should only be used in code within a '#nullable' annotations context. [/app/src/AmusementRideCRM/AmusementRideCRM.csproj]
/app/src/AmusementRideCRM/Models/CustomerOrder.cs(15,18): warning CS8632: The annotation for nullable reference types should only be used in code within a '#nullable' annotations context. [/app/src/AmusementRideCRM/AmusementRideCRM.csproj]
/app/src/AmusementRideCRM/Models/QBSyncQueue.cs(22,18): warning CS8632: The annotation for nullable reference types should only be used in code within a '#nullable' annotations context. [/app/src/AmusementRideCRM/AmusementRideCRM.csproj]
/app/src/AmusementRideCRM/Models/CustomerOrder.cs(16,18): warning CS8632: The annotation for nullable reference types should only be used in code within a '#nullable' annotations context. [/app/src/AmusementRideCRM/AmusementRideCRM.csproj]
/app/src/AmusementRideCRM/Models/CustomerOrder.cs(17,18): warning CS8632: The annotation for nullable reference types should only be used in code within a '#nullable' annotations context. [/app/src/AmusementRideCRM/AmusementRideCRM.csproj]
/app/src/AmusementRideCRM/Models/CustomerOrder.cs(18,18): warning CS8632: The annotation for nullable reference types should only be used in code within a '#nullable' annotations context. [/app/src/AmusementRideCRM/AmusementRideCRM.csproj]
/app/src/AmusementRideCRM/Models/CustomerOrder.cs(19,18): warning CS8632: The annotation for nullable reference types should only be used in code within a '#nullable' annotations context. [/app/src/AmusementRideCRM/AmusementRideCRM.csproj]
/app/src/AmusementRideCRM/Models/CustomerOrder.cs(20,18): warning CS8632: The annotation for nullable reference types should only be used in code within a '#nullable' annotations context. [/app/src/AmusementRideCRM/AmusementRideCRM.csproj]
/app/src/AmusementRideCRM/Models/CustomerOrder.cs(21,18): warning CS8632: The annotation for nullable reference types should only be used in code within a '#nullable' annotations context. [/app/src/AmusementRideCRM/AmusementRideCRM.csproj]
/app/src/AmusementRideCRM/Models/CustomerOrder.cs(22,18): warning CS8632: The annotation for nullable reference types should only be used in code within a '#nullable' annotations context. [/app/src/AmusementRideCRM/AmusementRideCRM.csproj]
/app/src/AmusementRideCRM/Models/CustomerOrder.cs(25,18): warning CS8632: The annotation for nullable reference types should only be used in code within a '#nullable' annotations context. [/app/src/AmusementRideCRM/AmusementRideCRM.csproj]
/app/src/AmusementRideCRM/Models/CustomerOrder.cs(30,18): warning CS8632: The annotation for nullable reference types should only be used in code within a '#nullable' annotations context. [/app/src/AmusementRideCRM/AmusementRideCRM.csproj]
/app/src/AmusementRideCRM/Models/CustomerOrder.cs(39,18): warning CS8632: The annotation for nullable reference types should only be used in code within a '#nullable' annotations context. [/app/src/AmusementRideCRM/AmusementRideCRM.csproj]
/app/src/AmusementRideCRM/Models/CustomerOrder.cs(40,18): warning CS8632: The annotation for nullable reference types should only be used in code within a '#nullable' annotations context. [/app/src/AmusementRideCRM/AmusementRideCRM.csproj]
/app/src/AmusementRideCRM/Models/CustomerOrder.cs(41,18): warning CS8632: The annotation for nullable reference types should only be used in code within a '#nullable' annotations context. [/app/src/AmusementRideCRM/AmusementRideCRM.csproj]
/app/src/AmusementRideCRM/Models/CustomerOrder.cs(43,18): warning CS8632: The annotation for nullable reference types should only be used in code within a '#nullable' annotations context. [/app/src/AmusementRideCRM/AmusementRideCRM.csproj]
/app/src/AmusementRideCRM/Models/CustomerOrder.cs(45,18): warning CS8632: The annotation for nullable reference types should only be used in code within a '#nullable' annotations context. [/app/src/AmusementRideCRM/AmusementRideCRM.csproj]
/app/src/AmusementRideCRM/Models/ReceivingLine.cs(14,18): warning CS8632: The annotation for nullable reference types should only be used in code within a '#nullable' annotations context. [/app/src/AmusementRideCRM/AmusementRideCRM.csproj]
/app/src/AmusementRideCRM/Models/ReceivingLine.cs(15,18): warning CS8632: The annotation for nullable reference types should only be used in code within a '#nullable' annotations context. [/app/src/AmusementRideCRM/AmusementRideCRM.csproj]
/app/src/AmusementRideCRM/Models/ReceivingLine.cs(17,18): warning CS8632: The annotation for nullable reference types should only be used in code within a '#nullable' annotations context. [/app/src/AmusementRideCRM/AmusementRideCRM.csproj]
/app/src/AmusementRideCRM/Models/ReceivingRecord.cs(12,18): warning CS8632: The annotation for nullable reference types should only be used in code within a '#nullable' annotations context. [/app/src/AmusementRideCRM/AmusementRideCRM.csproj]
/app/src/AmusementRideCRM/Models/ReceivingRecord.cs(13,18): warning CS8632: The annotation for nullable reference types should only be used in code within a '#nullable' annotations context. [/app/src/AmusementRideCRM/AmusementRideCRM.csproj]
/app/src/AmusementRideCRM/Models/ReceivingRecord.cs(14,18): warning CS8632: The annotation for nullable reference types should only be used in code within a '#nullable' annotations context. [/app/src/AmusementRideCRM/AmusementRideCRM.csproj]
/app/src/AmusementRideCRM/Models/ReceivingRecord.cs(17,18): warning CS8632: The annotation for nullable reference types should only be used in code within a '#nullable' annotations context. [/app/src/AmusementRideCRM/AmusementRideCRM.csproj]
/app/src/AmusementRideCRM/Models/ReceivingRecord.cs(18,18): warning CS8632: The annotation for nullable reference types should only be used in code within a '#nullable' annotations context. [/app/src/AmusementRideCRM/AmusementRideCRM.csproj]
/app/src/AmusementRideCRM/Models/CustomerOrderLine.cs(12,18): warning CS8632: The annotation for nullable reference types should only be used in code within a '#nullable' annotations context. [/app/src/AmusementRideCRM/AmusementRideCRM.csproj]
/app/src/AmusementRideCRM/Models/CustomerOrderLine.cs(15,18): warning CS8632: The annotation for nullable reference types should only be used in code within a '#nullable' annotations context. [/app/src/AmusementRideCRM/AmusementRideCRM.csproj]
/app/src/AmusementRideCRM/Models/ReceivingRecord.cs(22,18): warning CS8632: The annotation for nullable reference types should only be used in code within a '#nullable' annotations context. [/app/src/AmusementRideCRM/AmusementRideCRM.csproj]
/app/src/AmusementRideCRM/Models/ReceivingRecord.cs(24,18): warning CS8632: The annotation for nullable reference types should only be used in code within a '#nullable' annotations context. [/app/src/AmusementRideCRM/AmusementRideCRM.csproj]
/app/src/AmusementRideCRM/Models/CustomerOrderLine.cs(17,18): warning CS8632: The annotation for nullable reference types should only be used in code within a '#nullable' annotations context. [/app/src/AmusementRideCRM/AmusementRideCRM.csproj]
/app/src/AmusementRideCRM/Models/VendorPartCrossReference.cs(8,18): warning CS8632: The annotation for nullable reference types should only be used in code within a '#nullable' annotations context. [/app/src/AmusementRideCRM/AmusementRideCRM.csproj]
/app/src/AmusementRideCRM/Models/Shipment.cs(10,18): warning CS8632: The annotation for nullable reference types should only be used in code within a '#nullable' annotations context. [/app/src/AmusementRideCRM/AmusementRideCRM.csproj]
/app/src/AmusementRideCRM/Models/Shipment.cs(11,18): warning CS8632: The annotation for nullable reference types should only be used in code within a '#nullable' annotations context. [/app/src/AmusementRideCRM/AmusementRideCRM.csproj]
/app/src/AmusementRideCRM/Models/Shipment.cs(12,18): warning CS8632: The annotation for nullable reference types should only be used in code within a '#nullable' annotations context. [/app/src/AmusementRideCRM/AmusementRideCRM.csproj]
/app/src/AmusementRideCRM/Models/Shipment.cs(13,18): warning CS8632: The annotation for nullable reference types should only be used in code within a '#nullable' annotations context. [/app/src/AmusementRideCRM/AmusementRideCRM.csproj]
/app/src/AmusementRideCRM/Models/Shipment.cs(16,18): warning CS8632: The annotation for nullable reference types should only be used in code within a '#nullable' annotations context. [/app/src/AmusementRideCRM/AmusementRideCRM.csproj]
/app/src/AmusementRideCRM/Models/Shipment.cs(17,18): warning CS8632: The annotation for nullable reference types should only be used in code within a '#nullable' annotations context. [/app/src/AmusementRideCRM/AmusementRideCRM.csproj]
/app/src/AmusementRideCRM/Models/Shipment.cs(18,18): warning CS8632: The annotation for nullable reference types should only be used in code within a '#nullable' annotations context. [/app/src/AmusementRideCRM/AmusementRideCRM.csproj]
/app/src/AmusementRideCRM/Models/Shipment.cs(19,18): warning CS8632: The annotation for nullable reference types should only be used in code within a '#nullable' annotations context. [/app/src/AmusementRideCRM/AmusementRideCRM.csproj]
/app/src/AmusementRideCRM/Models/Shipment.cs(20,18): warning CS8632: The annotation for nullable reference types should only be used in code within a '#nullable' annotations context. [/app/src/AmusementRideCRM/AmusementRideCRM.csproj]
/app/src/AmusementRideCRM/Models/Shipment.cs(21,18): warning CS8632: The annotation for nullable reference types should only be used in code within a '#nullable' annotations context. [/app/src/AmusementRideCRM/AmusementRideCRM.csproj]
/app/src/AmusementRideCRM/Models/Shipment.cs(22,18): warning CS8632: The annotation for nullable reference types should only be used in code within a '#nullable' annotations context. [/app/src/AmusementRideCRM/AmusementRideCRM.csproj]
/app/src/AmusementRideCRM/Models/Shipment.cs(25,18): warning CS8632: The annotation for nullable reference types should only be used in code within a '#nullable' annotations context. [/app/src/AmusementRideCRM/AmusementRideCRM.csproj]
/app/src/AmusementRideCRM/Models/Shipment.cs(27,18): warning CS8632: The annotation for nullable reference types should only be used in code within a '#nullable' annotations context. [/app/src/AmusementRideCRM/AmusementRideCRM.csproj]
/app/src/AmusementRideCRM/Models/Shipment.cs(29,18): warning CS8632: The annotation for nullable reference types should only be used in code within a '#nullable' annotations context. [/app/src/AmusementRideCRM/AmusementRideCRM.csproj]
/app/src/AmusementRideCRM/Models/VendorSource.cs(8,18): warning CS8632: The annotation for nullable reference types should only be used in code within a '#nullable' annotations context. [/app/src/AmusementRideCRM/AmusementRideCRM.csproj]
/app/src/AmusementRideCRM/Models/VendorSource.cs(9,18): warning CS8632: The annotation for nullable reference types should only be used in code within a '#nullable' annotations context. [/app/src/AmusementRideCRM/AmusementRideCRM.csproj]
/app/src/AmusementRideCRM/Models/VendorSource.cs(17,18): warning CS8632: The annotation for nullable reference types should only be used in code within a '#nullable' annotations context. [/app/src/AmusementRideCRM/AmusementRideCRM.csproj]
/app/src/AmusementRideCRM/Models/VendorSource.cs(19,18): warning CS8632: The annotation for nullable reference types should only be used in code within a '#nullable' annotations context. [/app/src/AmusementRideCRM/AmusementRideCRM.csproj]
/app/src/AmusementRideCRM/Models/ShipmentLine.cs(11,18): warning CS8632: The annotation for nullable reference types should only be used in code within a '#nullable' annotations context. [/app/src/AmusementRideCRM/AmusementRideCRM.csproj]
/app/src/AmusementRideCRM/Models/WarehouseLocation.cs(8,18): warning CS8632: The annotation for nullable reference types should only be used in code within a '#nullable' annotations context. [/app/src/AmusementRideCRM/AmusementRideCRM.csproj]
/app/src/AmusementRideCRM/Models/WarehouseLocation.cs(9,18): warning CS8632: The annotation for nullable reference types should only be used in code within a '#nullable' annotations context. [/app/src/AmusementRideCRM/AmusementRideCRM.csproj]
/app/src/AmusementRideCRM/Models/WarehouseLocation.cs(10,18): warning CS8632: The annotation for nullable reference types should only be used in code within a '#nullable' annotations context. [/app/src/AmusementRideCRM/AmusementRideCRM.csproj]
/app/src/AmusementRideCRM/Models/WarehouseLocation.cs(11,18): warning CS8632: The annotation for nullable reference types should only be used in code within a '#nullable' annotations context. [/app/src/AmusementRideCRM/AmusementRideCRM.csproj]
/app/src/AmusementRideCRM/Models/WarehouseLocation.cs(14,18): warning CS8632: The annotation for nullable reference types should only be used in code within a '#nullable' annotations context. [/app/src/AmusementRideCRM/AmusementRideCRM.csproj]
/app/src/AmusementRideCRM/Models/WarehouseLocation.cs(16,18): warning CS8632: The annotation for nullable reference types should only be used in code within a '#nullable' annotations context. [/app/src/AmusementRideCRM/AmusementRideCRM.csproj]
/app/src/AmusementRideCRM/Models/WarehouseLocation.cs(18,18): warning CS8632: The annotation for nullable reference types should only be used in code within a '#nullable' annotations context. [/app/src/AmusementRideCRM/AmusementRideCRM.csproj]
/app/src/AmusementRideCRM/Models/ShipmentPackage.cs(12,18): warning CS8632: The annotation for nullable reference types should only be used in code within a '#nullable' annotations context. [/app/src/AmusementRideCRM/AmusementRideCRM.csproj]
/app/src/AmusementRideCRM/Models/ShipmentPackage.cs(13,18): warning CS8632: The annotation for nullable reference types should only be used in code within a '#nullable' annotations context. [/app/src/AmusementRideCRM/AmusementRideCRM.csproj]
/app/src/AmusementRideCRM/Models/ShipmentPackage.cs(15,18): warning CS8632: The annotation for nullable reference types should only be used in code within a '#nullable' annotations context. [/app/src/AmusementRideCRM/AmusementRideCRM.csproj]
/app/src/AmusementRideCRM/Models/SystemConfiguration.cs(9,18): warning CS8632: The annotation for nullable reference types should only be used in code within a '#nullable' annotations context. [/app/src/AmusementRideCRM/AmusementRideCRM.csproj]
/app/src/AmusementRideCRM/Models/SystemConfiguration.cs(10,18): warning CS8632: The annotation for nullable reference types should only be used in code within a '#nullable' annotations context. [/app/src/AmusementRideCRM/AmusementRideCRM.csproj]
/app/src/AmusementRideCRM/Models/SystemConfiguration.cs(13,18): warning CS8632: The annotation for nullable reference types should only be used in code within a '#nullable' annotations context. [/app/src/AmusementRideCRM/AmusementRideCRM.csproj]
/app/src/AmusementRideCRM/Models/UserMaster.cs(10,18): warning CS8632: The annotation for nullable reference types should only be used in code within a '#nullable' annotations context. [/app/src/AmusementRideCRM/AmusementRideCRM.csproj]
/app/src/AmusementRideCRM/Models/UserMaster.cs(13,18): warning CS8632: The annotation for nullable reference types should only be used in code within a '#nullable' annotations context. [/app/src/AmusementRideCRM/AmusementRideCRM.csproj]
/app/src/AmusementRideCRM/Models/UserMaster.cs(14,18): warning CS8632: The annotation for nullable reference types should only be used in code within a '#nullable' annotations context. [/app/src/AmusementRideCRM/AmusementRideCRM.csproj]
/app/src/AmusementRideCRM/Models/UserMaster.cs(18,18): warning CS8632: The annotation for nullable reference types should only be used in code within a '#nullable' annotations context. [/app/src/AmusementRideCRM/AmusementRideCRM.csproj]
/app/src/AmusementRideCRM/Models/UserMaster.cs(22,18): warning CS8632: The annotation for nullable reference types should only be used in code within a '#nullable' annotations context. [/app/src/AmusementRideCRM/AmusementRideCRM.csproj]
/app/src/AmusementRideCRM/Models/UserMaster.cs(24,18): warning CS8632: The annotation for nullable reference types should only be used in code within a '#nullable' annotations context. [/app/src/AmusementRideCRM/AmusementRideCRM.csproj]
/app/src/AmusementRideCRM/Models/UserMaster.cs(26,18): warning CS8632: The annotation for nullable reference types should only be used in code within a '#nullable' annotations context. [/app/src/AmusementRideCRM/AmusementRideCRM.csproj]
/app/src/AmusementRideCRM/Models/UserMaster.cs(28,18): warning CS8632: The annotation for nullable reference types should only be used in code within a '#nullable' annotations context. [/app/src/AmusementRideCRM/AmusementRideCRM.csproj]
/app/src/AmusementRideCRM/Models/VendorInvoice.cs(17,18): warning CS8632: The annotation for nullable reference types should only be used in code within a '#nullable' annotations context. [/app/src/AmusementRideCRM/AmusementRideCRM.csproj]
/app/src/AmusementRideCRM/Models/VendorInvoice.cs(18,18): warning CS8632: The annotation for nullable reference types should only be used in code within a '#nullable' annotations context. [/app/src/AmusementRideCRM/AmusementRideCRM.csproj]
/app/src/AmusementRideCRM/Models/VendorInvoice.cs(19,18): warning CS8632: The annotation for nullable reference types should only be used in code within a '#nullable' annotations context. [/app/src/AmusementRideCRM/AmusementRideCRM.csproj]
/app/src/AmusementRideCRM/Models/VendorInvoice.cs(23,18): warning CS8632: The annotation for nullable reference types should only be used in code within a '#nullable' annotations context. [/app/src/AmusementRideCRM/AmusementRideCRM.csproj]
/app/src/AmusementRideCRM/Models/VendorInvoice.cs(25,18): warning CS8632: The annotation for nullable reference types should only be used in code within a '#nullable' annotations context. [/app/src/AmusementRideCRM/AmusementRideCRM.csproj]
/app/src/AmusementRideCRM/Models/VendorInvoice.cs(26,18): warning CS8632: The annotation for nullable reference types should only be used in code within a '#nullable' annotations context. [/app/src/AmusementRideCRM/AmusementRideCRM.csproj]
/app/src/AmusementRideCRM/Models/VendorInvoice.cs(27,18): warning CS8632: The annotation for nullable reference types should only be used in code within a '#nullable' annotations context. [/app/src/AmusementRideCRM/AmusementRideCRM.csproj]
/app/src/AmusementRideCRM/Models/VendorInvoice.cs(29,18): warning CS8632: The annotation for nullable reference types should only be used in code within a '#nullable' annotations context. [/app/src/AmusementRideCRM/AmusementRideCRM.csproj]
/app/src/AmusementRideCRM/Models/VendorInvoice.cs(31,18): warning CS8632: The annotation for nullable reference types should only be used in code within a '#nullable' annotations context. [/app/src/AmusementRideCRM/AmusementRideCRM.csproj]
/app/src/AmusementRideCRM/Models/VendorInvoice.cs(33,18): warning CS8632: The annotation for nullable reference types should only be used in code within a '#nullable' annotations context. [/app/src/AmusementRideCRM/AmusementRideCRM.csproj]
/app/src/AmusementRideCRM/Models/VendorInvoiceLine.cs(9,18): warning CS8632: The annotation for nullable reference types should only be used in code within a '#nullable' annotations context. [/app/src/AmusementRideCRM/AmusementRideCRM.csproj]
/app/src/AmusementRideCRM/Models/VendorInvoiceLine.cs(10,18): warning CS8632: The annotation for nullable reference types should only be used in code within a '#nullable' annotations context. [/app/src/AmusementRideCRM/AmusementRideCRM.csproj]
/app/src/AmusementRideCRM/Models/VendorInvoiceLine.cs(13,18): warning CS8632: The annotation for nullable reference types should only be used in code within a '#nullable' annotations context. [/app/src/AmusementRideCRM/AmusementRideCRM.csproj]
/app/src/AmusementRideCRM/Models/VendorMaster.cs(7,18): warning CS8632: The annotation for nullable reference types should only be used in code within a '#nullable' annotations context. [/app/src/AmusementRideCRM/AmusementRideCRM.csproj]
/app/src/AmusementRideCRM/Models/VendorMaster.cs(8,18): warning CS8632: The annotation for nullable reference types should only be used in code within a '#nullable' annotations context. [/app/src/AmusementRideCRM/AmusementRideCRM.csproj]
/app/src/AmusementRideCRM/Models/VendorMaster.cs(9,18): warning CS8632: The annotation for nullable reference types should only be used in code within a '#nullable' annotations context. [/app/src/AmusementRideCRM/AmusementRideCRM.csproj]
/app/src/AmusementRideCRM/Models/VendorMaster.cs(10,18): warning CS8632: The annotation for nullable reference types should only be used in code within a '#nullable' annotations context. [/app/src/AmusementRideCRM/AmusementRideCRM.csproj]
/app/src/AmusementRideCRM/Models/VendorMaster.cs(11,18): warning CS8632: The annotation for nullable reference types should only be used in code within a '#nullable' annotations context. [/app/src/AmusementRideCRM/AmusementRideCRM.csproj]
/app/src/AmusementRideCRM/Models/VendorMaster.cs(12,18): warning CS8632: The annotation for nullable reference types should only be used in code within a '#nullable' annotations context. [/app/src/AmusementRideCRM/AmusementRideCRM.csproj]
/app/src/AmusementRideCRM/Models/VendorMaster.cs(13,18): warning CS8632: The annotation for nullable reference types should only be used in code within a '#nullable' annotations context. [/app/src/AmusementRideCRM/AmusementRideCRM.csproj]
/app/src/AmusementRideCRM/Models/VendorMaster.cs(14,18): warning CS8632: The annotation for nullable reference types should only be used in code within a '#nullable' annotations context. [/app/src/AmusementRideCRM/AmusementRideCRM.csproj]
/app/src/AmusementRideCRM/Models/VendorMaster.cs(15,18): warning CS8632: The annotation for nullable reference types should only be used in code within a '#nullable' annotations context. [/app/src/AmusementRideCRM/AmusementRideCRM.csproj]
/app/src/AmusementRideCRM/Models/VendorMaster.cs(16,18): warning CS8632: The annotation for nullable reference types should only be used in code within a '#nullable' annotations context. [/app/src/AmusementRideCRM/AmusementRideCRM.csproj]
/app/src/AmusementRideCRM/Models/VendorMaster.cs(17,18): warning CS8632: The annotation for nullable reference types should only be used in code within a '#nullable' annotations context. [/app/src/AmusementRideCRM/AmusementRideCRM.csproj]
/app/src/AmusementRideCRM/Models/VendorMaster.cs(19,18): warning CS8632: The annotation for nullable reference types should only be used in code within a '#nullable' annotations context. [/app/src/AmusementRideCRM/AmusementRideCRM.csproj]
/app/src/AmusementRideCRM/Models/VendorMaster.cs(20,18): warning CS8632: The annotation for nullable reference types should only be used in code within a '#nullable' annotations context. [/app/src/AmusementRideCRM/AmusementRideCRM.csproj]
/app/src/AmusementRideCRM/Models/VendorMaster.cs(21,18): warning CS8632: The annotation for nullable reference types should only be used in code within a '#nullable' annotations context. [/app/src/AmusementRideCRM/AmusementRideCRM.csproj]
/app/src/AmusementRideCRM/Models/VendorMaster.cs(22,18): warning CS8632: The annotation for nullable reference types should only be used in code within a '#nullable' annotations context. [/app/src/AmusementRideCRM/AmusementRideCRM.csproj]
/app/src/AmusementRideCRM/Models/VendorMaster.cs(25,18): warning CS8632: The annotation for nullable reference types should only be used in code within a '#nullable' annotations context. [/app/src/AmusementRideCRM/AmusementRideCRM.csproj]
/app/src/AmusementRideCRM/Models/VendorMaster.cs(27,18): warning CS8632: The annotation for nullable reference types should only be used in code within a '#nullable' annotations context. [/app/src/AmusementRideCRM/AmusementRideCRM.csproj]
/app/src/AmusementRideCRM/Pages/Error.cshtml.cs(11,18): warning CS8632: The annotation for nullable reference types should only be used in code within a '#nullable' annotations context. [/app/src/AmusementRideCRM/AmusementRideCRM.csproj]
    231 Warning(s)
    0 Error(s)

Time Elapsed 00:00:31.94
